,CustomerID,User_Gropuing
0,17850.0,19
1,17511.0,3
2,13408.0,23
3,15862.0,7
4,16552.0,0
5,14729.0,0
6,16456.0,26
7,13777.0,26
8,13065.0,0
9,15235.0,26
10,17732.0,0
11,17976.0,26
12,17685.0,26
13,15640.0,18
14,13798.0,12
15,18239.0,26
16,14395.0,19
17,16883.0,0
18,12841.0,18
19,17967.0,0
20,14723.0,24
21,17198.0,7
22,14396.0,20
23,18055.0,22
24,18109.0,12
25,15708.0,26
26,16931.0,18
27,16814.0,12
28,18118.0,32
29,13831.0,0
30,17211.0,10
31,15880.0,26
32,15953.0,30
33,13174.0,29
34,18219.0,26
35,14748.0,26
36,15860.0,28
37,14344.0,0
38,16719.0,35
39,17682.0,26
40,13089.0,34
41,15356.0,12
42,17191.0,7
43,13495.0,26
44,15602.0,0
45,17616.0,0
46,14733.0,26
47,14176.0,0
48,13488.0,27
49,16221.0,7
50,15002.0,26
51,15965.0,26
52,13769.0,19
53,13786.0,0
54,16125.0,0
55,15081.0,29
56,16863.0,0
57,15628.0,26
58,16081.0,26
59,16525.0,20
60,16893.0,0
61,15021.0,18
62,16016.0,10
63,17213.0,19
64,15680.0,0
65,17894.0,7
66,13140.0,10
67,15713.0,0
68,17655.0,26
69,16717.0,19
70,14243.0,26
71,17377.0,23
72,16782.0,12
73,13369.0,0
74,14987.0,0
75,14479.0,0
76,16065.0,0
77,15856.0,31
78,15271.0,26
79,13982.0,26
80,12872.0,7
81,17097.0,7
82,15211.0,0
83,17576.0,18
84,17965.0,19
85,17675.0,27
86,17827.0,19
87,13000.0,0
88,17790.0,7
89,18116.0,12
90,16019.0,19
91,18178.0,26
92,13148.0,31
93,16727.0,0
94,16923.0,18
95,14159.0,3
96,17126.0,26
97,16010.0,26
98,17085.0,33
99,13668.0,18
100,14684.0,12
101,15998.0,18
102,15044.0,19
103,14505.0,22
104,14290.0,26
105,13209.0,20
106,14796.0,28
107,15854.0,7
108,17990.0,0
109,17338.0,18
110,14085.0,23
111,17303.0,33
112,15777.0,0
113,14525.0,10
114,18075.0,26
115,15039.0,3
116,16458.0,26
117,12370.0,26
118,14298.0,34
119,17158.0,26
120,14415.0,18
121,16556.0,26
122,17372.0,7
123,17454.0,0
124,17346.0,18
125,13458.0,12
126,15005.0,35
127,17551.0,0
128,16161.0,18
129,17496.0,0
130,13093.0,26
131,15246.0,0
132,16985.0,26
133,14825.0,30
134,16013.0,26
135,17146.0,0
136,15379.0,26
137,16770.0,26
138,14092.0,19
139,16271.0,7
140,13874.0,0
141,17392.0,0
142,14911.0,2
143,13004.0,12
144,12782.0,26
145,13869.0,12
146,15570.0,19
147,14472.0,26
148,17358.0,26
149,18245.0,26
150,15312.0,0
151,14527.0,37
152,13487.0,26
153,17239.0,0
154,16477.0,26
155,13922.0,0
156,13313.0,0
157,14606.0,6
158,16282.0,0
159,13680.0,26
160,15164.0,26
161,16241.0,18
162,15841.0,0
163,15984.0,23
164,14653.0,20
165,16771.0,26
166,15046.0,35
167,15464.0,26
168,12748.0,8
169,18226.0,24
170,14258.0,26
171,15719.0,3
172,17634.0,26
173,14312.0,0
174,13081.0,3
175,17230.0,7
176,18198.0,26
177,12484.0,12
178,15601.0,23
179,13593.0,26
180,13758.0,26
181,17128.0,0
182,16735.0,26
183,16833.0,0
184,14755.0,19
185,16549.0,35
186,18260.0,26
187,15107.0,0
188,16350.0,0
189,17406.0,26
190,17450.0,36
191,14320.0,0
192,17742.0,0
193,14669.0,26
194,15749.0,11
195,14209.0,10
196,13102.0,23
197,16791.0,12
198,17841.0,13
199,14587.0,12
200,14715.0,0
201,15727.0,23
202,12868.0,26
203,17048.0,0
204,18190.0,0
205,15615.0,12
206,18106.0,0
207,14329.0,12
208,17954.0,12
209,13782.0,26
210,13064.0,10
211,18069.0,18
212,15296.0,19
213,12820.0,26
214,13859.0,0
215,18212.0,7
216,14292.0,27
217,14242.0,0
218,13263.0,3
219,14428.0,7
220,16904.0,18
221,14646.0,1
222,14307.0,26
223,17602.0,27
224,16321.0,0
225,17787.0,26
226,17315.0,24
227,14770.0,0
228,14088.0,18
229,17799.0,35
230,12916.0,26
231,13659.0,7
232,13230.0,35
233,13742.0,20
234,14068.0,0
235,15052.0,0
236,18144.0,30
237,12744.0,26
238,12854.0,26
239,16222.0,0
240,17460.0,0
241,13468.0,33
242,14548.0,0
243,16043.0,26
244,17075.0,26
245,16714.0,26
246,17786.0,0
247,12997.0,0
248,16918.0,26
249,14440.0,0
250,16700.0,27
251,14701.0,12
252,14239.0,26
253,18125.0,7
254,16755.0,23
255,14133.0,0
256,15547.0,16
257,15365.0,27
258,15079.0,0
259,14040.0,27
260,15579.0,0
261,14595.0,26
262,13161.0,0
263,15415.0,0
264,14502.0,15
265,17580.0,0
266,17619.0,26
267,16612.0,10
268,14627.0,0
269,12836.0,26
270,16705.0,14
271,14549.0,0
272,13110.0,26
273,14665.0,26
274,17975.0,23
275,15270.0,0
276,14443.0,26
277,14798.0,0
278,17337.0,20
279,16210.0,26
280,17362.0,0
281,14156.0,34
282,13581.0,0
283,16938.0,27
284,14778.0,0
285,14194.0,18
286,14810.0,12
287,12956.0,0
288,17613.0,22
289,13334.0,7
290,13809.0,0
291,18225.0,12
292,14048.0,26
293,14475.0,0
294,15797.0,0
295,13098.0,23
296,12462.0,26
297,17686.0,12
298,17243.0,35
299,15796.0,26
300,14081.0,26
301,14555.0,0
302,17512.0,24
303,14035.0,0
304,12455.0,26
305,14530.0,10
306,14944.0,26
307,16494.0,0
308,14210.0,26
309,13001.0,12
310,13151.0,10
311,14379.0,7
312,14211.0,26
313,13425.0,0
314,16466.0,24
315,13168.0,26
316,16014.0,30
317,14895.0,12
318,15303.0,0
319,16907.0,26
320,16573.0,0
321,18196.0,26
322,16940.0,12
323,18172.0,26
324,16208.0,10
325,17139.0,12
326,18065.0,23
327,12945.0,0
328,13501.0,0
329,17663.0,30
330,14532.0,26
331,16407.0,0
332,18283.0,12
333,13675.0,0
334,12428.0,23
335,15676.0,26
336,14656.0,26
337,13884.0,0
338,16670.0,19
339,16792.0,0
340,15636.0,0
341,17738.0,26
342,17652.0,30
343,13476.0,0
344,17700.0,26
345,13715.0,26
346,13382.0,0
347,14995.0,26
348,14670.0,26
349,14903.0,26
350,14499.0,26
351,14161.0,0
352,15696.0,20
353,14504.0,26
354,17107.0,19
355,14247.0,0
356,16517.0,10
357,14817.0,0
358,15234.0,0
359,13340.0,26
360,14336.0,26
361,14507.0,7
362,12759.0,0
363,17049.0,19
364,15502.0,26
365,16572.0,0
366,14165.0,0
367,16625.0,0
368,14064.0,0
369,14350.0,0
370,14930.0,26
371,16475.0,0
372,18149.0,7
373,14352.0,0
374,13708.0,0
375,16871.0,26
376,16037.0,0
377,16293.0,26
378,16168.0,26
379,13716.0,0
380,15793.0,0
381,16383.0,26
382,18189.0,0
383,13650.0,26
384,13623.0,10
385,12937.0,26
386,14462.0,26
387,15861.0,12
388,14110.0,26
389,17921.0,26
390,17133.0,0
391,17134.0,10
392,16444.0,7
393,14693.0,0
394,14769.0,15
395,15408.0,0
396,15452.0,0
397,18224.0,0
398,13900.0,0
399,15132.0,26
400,12775.0,0
401,13475.0,26
402,17019.0,26
403,17830.0,0
404,17096.0,0
405,17250.0,0
406,14267.0,0
407,16769.0,20
408,16780.0,0
409,13875.0,30
410,17625.0,18
411,15716.0,10
412,16777.0,0
413,14476.0,0
414,13652.0,26
415,14766.0,26
416,14538.0,0
417,15589.0,0
418,14367.0,12
419,15674.0,26
420,16059.0,26
421,16788.0,26
422,13047.0,26
423,17400.0,7
424,17088.0,26
425,13060.0,0
426,13571.0,12
427,17071.0,26
428,18161.0,0
429,16609.0,19
430,13636.0,0
431,17701.0,0
432,12949.0,26
433,14852.0,19
434,15482.0,19
435,13269.0,27
436,17774.0,27
437,14747.0,0
438,17114.0,26
439,17716.0,26
440,17214.0,10
441,16906.0,20
442,14535.0,10
443,15244.0,0
444,13515.0,0
445,15646.0,0
446,15530.0,26
447,14446.0,12
448,14465.0,26
449,16261.0,7
450,16623.0,0
451,15874.0,15
452,13562.0,0
453,15775.0,0
454,15955.0,26
455,13632.0,30
456,15665.0,26
457,15214.0,20
458,14311.0,0
459,13549.0,0
460,14628.0,0
461,16409.0,26
462,15240.0,16
463,12928.0,0
464,16729.0,28
465,18231.0,23
466,15230.0,0
467,15134.0,26
468,13134.0,26
469,13122.0,0
470,16175.0,0
471,16131.0,26
472,17704.0,0
473,14390.0,19
474,16882.0,26
475,15220.0,26
476,18213.0,0
477,15555.0,35
478,16639.0,0
479,14227.0,26
480,16617.0,0
481,16033.0,15
482,18009.0,0
483,16399.0,33
484,13141.0,26
485,15717.0,0
486,15225.0,0
487,14905.0,0
488,14626.0,26
489,17120.0,0
490,15034.0,10
491,16146.0,0
492,15281.0,26
493,16942.0,7
494,18183.0,20
495,12573.0,0
496,17854.0,0
497,12840.0,26
498,13637.0,26
499,13767.0,19
500,16145.0,30
501,14271.0,0
502,15508.0,20
503,14022.0,0
504,14732.0,26
505,12843.0,0
506,16230.0,0
507,18146.0,0
508,12886.0,0
509,13524.0,26
510,16610.0,0
511,14173.0,0
512,14867.0,30
513,13711.0,0
514,16457.0,0
515,13694.0,11
516,15023.0,12
517,13888.0,0
518,14423.0,0
519,12747.0,0
520,14713.0,19
521,13867.0,26
522,18241.0,26
523,15218.0,7
524,18170.0,0
525,16121.0,20
526,13561.0,10
527,15704.0,7
528,16007.0,12
529,16232.0,0
530,16756.0,0
531,15932.0,26
532,13052.0,0
533,14649.0,26
534,15513.0,23
535,14883.0,0
536,16057.0,26
537,14021.0,0
538,14738.0,0
539,14651.0,10
540,16206.0,0
541,14689.0,0
542,13094.0,26
543,17263.0,0
544,12871.0,0
545,14221.0,23
546,14513.0,0
547,13246.0,26
548,15624.0,0
549,13310.0,0
550,14565.0,26
551,13258.0,0
552,17047.0,26
553,16008.0,10
554,13243.0,0
555,13555.0,26
556,16038.0,0
557,14546.0,19
558,17176.0,0
559,17611.0,10
560,15938.0,0
561,14189.0,26
562,13988.0,12
563,13523.0,30
564,17659.0,24
565,14047.0,0
566,13771.0,26
567,16448.0,0
568,16624.0,0
569,14584.0,0
570,14740.0,0
571,15402.0,0
572,14451.0,26
573,14823.0,26
574,17051.0,0
575,17472.0,7
576,16529.0,0
577,17531.0,0
578,15498.0,15
579,16117.0,0
580,17706.0,19
581,15453.0,10
582,15349.0,10
583,16849.0,0
584,16103.0,0
585,15260.0,26
586,18248.0,26
587,17828.0,26
588,17360.0,26
589,17169.0,0
590,17483.0,0
591,17115.0,0
592,17797.0,10
593,16370.0,12
594,17265.0,20
595,17289.0,10
596,13517.0,26
597,14177.0,0
598,16987.0,19
599,14524.0,4
600,16898.0,26
601,16324.0,26
602,14285.0,0
603,16869.0,26
604,17769.0,35
605,15412.0,0
606,17669.0,26
607,14422.0,10
608,13929.0,0
609,15186.0,0
610,14583.0,12
611,14167.0,26
612,13895.0,27
613,14327.0,0
614,16775.0,7
615,17837.0,26
616,14561.0,26
617,17123.0,0
618,16589.0,0
619,15952.0,26
620,17469.0,0
621,14235.0,26
622,13681.0,0
623,15416.0,26
624,15675.0,0
625,14918.0,0
626,15812.0,0
627,14552.0,0
628,12556.0,20
629,18122.0,22
630,13911.0,33
631,16450.0,0
632,13667.0,26
633,14847.0,0
634,13994.0,26
635,14572.0,27
636,14044.0,24
637,16474.0,24
638,14178.0,20
639,16764.0,18
640,14704.0,35
641,16107.0,0
642,13116.0,0
643,12540.0,12
644,14100.0,7
645,14305.0,26
646,16147.0,0
647,18127.0,26
648,15149.0,0
649,13928.0,0
650,15569.0,0
651,13388.0,0
652,14456.0,18
653,17173.0,0
654,17053.0,0
655,17676.0,26
656,14112.0,26
657,14567.0,0
658,14937.0,0
659,13186.0,26
660,13486.0,0
661,13851.0,0
662,15089.0,29
663,17514.0,0
664,15129.0,26
665,12610.0,26
666,15411.0,14
667,16950.0,0
668,14844.0,26
669,14257.0,26
670,15247.0,0
671,15469.0,0
672,17516.0,26
673,13799.0,0
674,15706.0,0
675,12722.0,26
676,15786.0,26
677,18257.0,26
678,15024.0,26
679,14529.0,7
680,17041.0,26
681,14299.0,26
682,13411.0,0
683,15800.0,7
684,13507.0,26
685,14196.0,0
686,18167.0,0
687,16768.0,0
688,18222.0,0
689,16076.0,26
690,14711.0,24
691,16910.0,31
692,15035.0,0
693,18255.0,0
694,14432.0,18
695,15253.0,0
696,16141.0,0
697,15755.0,26
698,12940.0,26
699,17779.0,7
700,15522.0,0
701,17640.0,0
702,15933.0,30
703,13634.0,26
704,15511.0,26
705,15099.0,0
706,18194.0,0
707,13067.0,0
708,16527.0,0
709,16360.0,3
710,16085.0,10
711,12409.0,26
712,15394.0,0
713,16978.0,0
714,16240.0,26
715,15807.0,0
716,16485.0,30
717,17131.0,27
718,15799.0,27
719,15429.0,30
720,17159.0,27
721,14419.0,27
722,17609.0,33
723,13842.0,30
724,15050.0,14
725,18053.0,0
726,13764.0,4
727,16404.0,0
728,12842.0,0
729,16613.0,0
730,15038.0,26
731,15774.0,0
732,16533.0,15
733,14096.0,9
734,13635.0,0
735,12512.0,0
736,13949.0,26
737,16040.0,0
738,14730.0,18
739,17222.0,0
740,17419.0,20
741,14067.0,0
742,13695.0,26
743,16595.0,0
744,14514.0,14
745,13373.0,26
746,18126.0,24
747,13225.0,0
748,13464.0,0
749,12667.0,0
750,17063.0,0
751,13827.0,7
752,16773.0,0
753,16934.0,26
754,14547.0,5
755,15113.0,26
756,17520.0,0
757,16412.0,0
758,16932.0,7
759,15598.0,0
760,16249.0,0
761,16440.0,10
762,16015.0,7
763,17463.0,12
764,13709.0,19
765,17344.0,10
766,15630.0,0
767,13601.0,26
768,16071.0,0
769,15993.0,18
770,14218.0,0
771,17418.0,0
772,16049.0,12
773,14071.0,7
774,12584.0,26
775,13421.0,26
776,15385.0,0
777,13822.0,26
778,16190.0,0
779,13607.0,26
780,17777.0,26
781,16830.0,0
782,16971.0,0
783,14216.0,0
784,15750.0,19
785,16367.0,26
786,16602.0,0
787,13447.0,0
788,16012.0,0
789,14936.0,12
790,15407.0,26
791,17430.0,0
792,14387.0,26
793,18036.0,26
794,16242.0,12
795,16618.0,0
796,13272.0,0
797,13643.0,0
798,18216.0,0
799,14240.0,0
800,17059.0,35
801,15184.0,0
802,12856.0,19
803,15692.0,0
804,16438.0,12
805,16726.0,19
806,12938.0,0
807,17793.0,30
808,13835.0,26
809,15009.0,26
810,13950.0,0
811,14467.0,7
812,15720.0,30
813,18181.0,30
814,13449.0,0
815,13894.0,26
816,15687.0,26
817,16855.0,0
818,16469.0,26
819,14655.0,0
820,14332.0,7
821,17397.0,26
822,15621.0,26
823,12391.0,0
824,13118.0,29
825,12597.0,20
826,14950.0,0
827,16366.0,0
828,15645.0,26
829,16406.0,0
830,13755.0,19
831,13569.0,26
832,17590.0,26
833,12586.0,0
834,16376.0,30
835,14675.0,26
836,12476.0,26
837,16892.0,0
838,17767.0,0
839,15725.0,0
840,14277.0,24
841,15428.0,0
842,16005.0,7
843,14954.0,26
844,16992.0,10
845,14126.0,0
846,13428.0,0
847,18058.0,0
848,12953.0,0
849,12630.0,20
850,14448.0,0
851,15444.0,20
852,17566.0,7
853,14594.0,26
854,13173.0,0
855,14907.0,19
856,15471.0,0
857,16891.0,20
858,17591.0,7
859,13807.0,0
860,16779.0,12
861,13126.0,26
862,17262.0,0
863,17526.0,0
864,15532.0,10
865,14560.0,0
866,15266.0,0
867,16094.0,0
868,13969.0,27
869,17604.0,0
870,16713.0,23
871,16842.0,0
872,12913.0,0
873,15974.0,26
874,14046.0,0
875,15092.0,0
876,15071.0,0
877,16327.0,12
878,14041.0,0
879,16384.0,0
880,14534.0,18
881,13362.0,20
882,14924.0,0
883,14696.0,26
884,13317.0,26
885,14154.0,0
886,18246.0,0
887,13162.0,26
888,14640.0,26
889,17720.0,0
890,14920.0,0
891,15489.0,20
892,15730.0,0
893,16156.0,26
894,17505.0,0
895,16684.0,23
896,13308.0,0
897,18048.0,7
898,13885.0,0
899,14049.0,12
900,18044.0,20
901,16484.0,0
902,17361.0,0
903,14426.0,12
904,16739.0,0
905,13300.0,0
906,17969.0,33
907,13453.0,0
908,17293.0,35
909,13583.0,0
910,13149.0,0
911,17388.0,0
912,16209.0,0
913,15159.0,18
914,17722.0,26
915,17309.0,0
916,17345.0,26
917,15652.0,0
918,16128.0,26
919,15916.0,19
920,15801.0,0
921,17064.0,0
922,16728.0,20
923,14073.0,0
924,12963.0,26
925,15584.0,26
926,16244.0,26
927,17287.0,30
928,16634.0,0
929,15808.0,7
930,17858.0,26
931,15426.0,20
932,17812.0,33
933,16252.0,0
934,17629.0,26
935,14113.0,0
936,13599.0,26
937,13187.0,0
938,15291.0,0
939,17730.0,12
940,17082.0,0
941,17881.0,0
942,12477.0,12
943,17231.0,17
944,15059.0,20
945,17865.0,12
946,13077.0,26
947,17499.0,0
948,16187.0,12
949,17449.0,26
950,16693.0,0
951,15648.0,0
952,13803.0,0
953,14031.0,19
954,13474.0,0
955,13972.0,0
956,13527.0,10
957,14621.0,26
958,14217.0,0
959,16852.0,0
960,16744.0,35
961,17696.0,26
962,16984.0,29
963,17584.0,0
964,14687.0,0
965,13268.0,12
966,15311.0,34
967,13350.0,26
968,13886.0,0
969,16268.0,0
970,13954.0,0
971,14967.0,0
972,15286.0,0
973,16426.0,12
974,15493.0,20
975,16945.0,30
976,12865.0,26
977,12904.0,0
978,13322.0,0
979,14349.0,0
980,15111.0,19
981,17961.0,19
982,14800.0,19
983,18156.0,19
984,13030.0,0
985,17091.0,19
986,16086.0,0
987,18092.0,19
988,16520.0,10
989,17339.0,0
990,16265.0,26
991,17690.0,19
992,17251.0,26
993,16455.0,26
994,14961.0,12
995,16812.0,0
996,14051.0,23
997,17525.0,0
998,17189.0,0
999,17343.0,0
1000,14062.0,26
1001,17340.0,19
1002,12939.0,0
1003,12652.0,0
1004,18179.0,26
1005,16387.0,0
1006,17329.0,19
1007,18145.0,12
1008,13819.0,0
1009,17095.0,0
1010,12415.0,11
1011,18094.0,0
1012,14470.0,0
1013,14620.0,0
1014,17567.0,26
1015,13357.0,26
1016,16889.0,7
1017,17501.0,0
1018,14952.0,26
1019,16593.0,0
1020,14622.0,0
1021,18180.0,19
1022,15494.0,26
1023,15722.0,7
1024,13013.0,20
1025,15434.0,19
1026,17183.0,19
1027,16353.0,0
1028,18027.0,0
1029,16102.0,19
1030,14441.0,0
1031,15144.0,19
1032,12731.0,12
1033,17594.0,26
1034,15410.0,26
1035,15594.0,19
1036,13416.0,19
1037,17758.0,10
1038,12910.0,0
1039,15978.0,0
1040,14931.0,0
1041,17389.0,26
1042,15568.0,26
1043,18192.0,0
1044,14226.0,26
1045,15903.0,19
1046,15701.0,24
1047,14099.0,19
1048,14592.0,20
1049,13763.0,0
1050,16685.0,0
1051,12371.0,19
1052,14175.0,10
1053,14963.0,27
1054,16430.0,0
1055,13610.0,10
1056,12572.0,30
1057,16260.0,0
1058,17068.0,12
1059,16686.0,18
1060,15022.0,19
1061,17545.0,26
1062,13137.0,28
1063,15977.0,26
1064,15830.0,0
1065,16676.0,26
1066,12357.0,30
1067,17313.0,0
1068,14284.0,19
1069,17188.0,19
1070,18209.0,0
1071,15758.0,0
1072,18259.0,19
1073,16204.0,0
1074,15443.0,19
1075,17904.0,7
1076,17387.0,26
1077,17811.0,18
1078,17253.0,0
1079,12705.0,19
1080,13644.0,30
1081,15747.0,26
1082,16800.0,20
1083,13536.0,26
1084,17936.0,20
1085,16873.0,12
1086,16592.0,19
1087,17119.0,0
1088,14578.0,0
1089,13298.0,0
1090,13510.0,27
1091,18085.0,0
1092,15867.0,23
1093,15898.0,26
1094,14667.0,35
1095,16710.0,19
1096,17223.0,0
1097,17884.0,0
1098,13564.0,26
1099,14135.0,33
1100,13880.0,30
1101,13078.0,21
1102,17341.0,26
1103,16011.0,26
1104,12683.0,12
1105,13117.0,26
1106,14702.0,19
1107,14741.0,26
1108,15194.0,19
1109,14871.0,19
1110,14680.0,12
1111,16725.0,26
1112,12709.0,12
1113,17817.0,0
1114,17864.0,7
1115,16968.0,0
1116,17090.0,26
1117,12433.0,19
1118,16899.0,26
1119,15782.0,0
1120,13381.0,26
1121,15622.0,26
1122,14608.0,19
1123,17002.0,0
1124,14894.0,0
1125,13323.0,19
1126,16133.0,27
1127,17491.0,26
1128,13384.0,27
1129,17656.0,26
1130,13344.0,23
1131,13552.0,26
1132,17728.0,27
1133,16326.0,19
1134,15612.0,0
1135,14297.0,26
1136,17425.0,0
1137,14541.0,26
1138,18160.0,0
1139,13394.0,26
1140,17527.0,0
1141,15179.0,30
1142,17043.0,26
1143,13890.0,19
1144,16762.0,19
1145,14341.0,26
1146,13654.0,30
1147,16554.0,26
1148,13203.0,26
1149,16790.0,26
1150,17754.0,26
1151,16347.0,19
1152,13721.0,0
1153,13267.0,26
1154,15883.0,26
1155,17757.0,18
1156,17416.0,19
1157,16368.0,30
1158,17044.0,0
1159,15419.0,0
1160,12839.0,12
1161,12883.0,0
1162,17564.0,19
1163,13437.0,30
1164,13558.0,7
1165,16804.0,7
1166,18006.0,30
1167,12406.0,26
1168,16929.0,31
1169,14205.0,0
1170,15721.0,26
1171,15152.0,12
1172,17768.0,10
1173,13560.0,0
1174,12970.0,26
1175,17144.0,26
1176,13448.0,19
1177,14142.0,0
1178,13108.0,0
1179,12471.0,28
1180,15061.0,11
1181,14573.0,7
1182,14813.0,0
1183,17218.0,19
1184,15529.0,3
1185,12429.0,26
1186,15514.0,7
1187,17194.0,0
1188,16919.0,12
1189,17412.0,26
1190,12621.0,27
1191,14146.0,19
1192,15460.0,0
1193,15607.0,0
1194,14978.0,19
1195,13700.0,7
1196,15606.0,0
1197,17277.0,25
1198,14631.0,30
1199,17530.0,35
1200,15382.0,12
1201,12509.0,0
1202,15241.0,0
1203,15067.0,26
1204,17238.0,19
1205,17542.0,0
1206,13451.0,12
1207,15437.0,0
1208,13418.0,27
1209,16142.0,0
1210,17042.0,19
1211,14246.0,0
1212,16697.0,0
1213,14700.0,26
1214,17367.0,26
1215,14868.0,26
1216,13505.0,26
1217,15527.0,26
1218,13365.0,26
1219,12821.0,0
1220,17597.0,0
1221,16320.0,27
1222,17404.0,12
1223,12590.0,26
1224,15440.0,0
1225,13192.0,0
1226,18287.0,26
1227,14009.0,0
1228,14828.0,0
1229,14842.0,26
1230,13294.0,0
1231,12567.0,18
1232,14808.0,7
1233,12933.0,26
1234,16200.0,27
1235,12461.0,0
1236,17966.0,26
1237,16859.0,26
1238,17935.0,0
1239,13296.0,0
1240,12743.0,30
1241,12644.0,0
1242,15374.0,0
1243,12562.0,30
1244,15608.0,0
1245,15572.0,35
1246,15950.0,26
1247,16641.0,0
1248,12637.0,12
1249,17428.0,27
1250,14735.0,26
1251,17581.0,12
1252,13055.0,27
1253,13083.0,0
1254,13139.0,26
1255,12451.0,12
1256,12628.0,0
1257,14801.0,29
1258,17648.0,26
1259,12360.0,26
1260,15006.0,26
1261,17571.0,31
1262,13157.0,26
1263,14623.0,29
1264,16601.0,10
1265,15870.0,26
1266,15863.0,0
1267,12684.0,0
1268,12681.0,12
1269,15563.0,26
1270,12449.0,27
1271,12658.0,0
1272,16607.0,26
1273,12438.0,30
1274,12714.0,12
1275,14401.0,26
1276,16949.0,0
1277,15318.0,0
1278,14121.0,30
1279,12650.0,0
1280,15156.0,0
1281,17062.0,0
1282,16658.0,0
1283,13240.0,26
1284,17913.0,26
1285,15456.0,0
1286,13946.0,0
1287,13059.0,0
1288,17783.0,26
1289,13221.0,29
1290,16587.0,0
1291,15620.0,26
1292,16621.0,0
1293,16316.0,26
1294,16818.0,10
1295,15712.0,0
1296,17899.0,0
1297,17962.0,33
1298,16633.0,24
1299,15901.0,20
1300,15994.0,26
1301,14125.0,26
1302,14953.0,0
1303,15963.0,24
1304,15632.0,26
1305,17908.0,26
1306,17951.0,0
1307,15752.0,12
1308,18041.0,20
1309,16546.0,0
1310,17802.0,26
1311,14449.0,7
1312,18168.0,7
1313,16718.0,0
1314,16393.0,35
1315,16402.0,0
1316,15894.0,7
1317,15889.0,7
1318,17596.0,30
1319,15028.0,0
1320,17259.0,10
1321,15882.0,10
1322,14487.0,7
1323,17735.0,18
1324,15353.0,7
1325,14673.0,19
1326,16385.0,0
1327,13136.0,26
1328,14647.0,0
1329,14985.0,7
1330,18204.0,26
1331,16555.0,0
1332,15838.0,12
1333,16503.0,30
1334,16813.0,12
1335,16400.0,30
1336,17004.0,0
1337,16031.0,26
1338,16362.0,19
1339,17228.0,12
1340,17092.0,30
1341,17562.0,26
1342,13959.0,31
1343,14659.0,10
1344,16348.0,10
1345,12952.0,0
1346,13097.0,12
1347,14880.0,0
1348,16480.0,0
1349,17006.0,0
1350,18016.0,7
1351,13979.0,0
1352,16354.0,0
1353,16332.0,26
1354,13901.0,31
1355,16574.0,0
1356,14503.0,26
1357,14193.0,0
1358,15339.0,26
1359,16374.0,0
1360,13602.0,0
1361,16895.0,0
1362,13756.0,19
1363,16960.0,7
1364,16982.0,0
1365,13429.0,26
1366,17459.0,0
1367,14857.0,0
1368,12536.0,12
1369,15831.0,26
1370,15272.0,26
1371,14179.0,7
1372,16123.0,0
1373,15468.0,14
1374,17354.0,0
1375,17764.0,30
1376,16153.0,26
1377,16017.0,0
1378,13598.0,27
1379,16110.0,12
1380,16201.0,26
1381,18079.0,26
1382,16415.0,30
1383,17974.0,10
1384,15096.0,0
1385,14498.0,26
1386,15290.0,26
1387,12483.0,30
1388,13566.0,27
1389,15054.0,26
1390,16877.0,26
1391,17800.0,0
1392,16914.0,7
1393,13500.0,26
1394,15427.0,26
1395,16357.0,0
1396,17964.0,26
1397,15957.0,0
1398,13804.0,26
1399,15392.0,30
1400,17038.0,0
1401,17867.0,26
1402,15531.0,26
1403,13178.0,12
1404,18123.0,0
1405,13614.0,26
1406,14544.0,26
1407,15571.0,0
1408,16916.0,26
1409,15967.0,7
1410,18034.0,26
1411,17155.0,0
1412,17247.0,0
1413,15117.0,0
1414,17624.0,26
1415,17236.0,0
1416,14577.0,19
1417,17885.0,26
1418,15436.0,10
1419,14215.0,4
1420,17379.0,26
1421,14719.0,30
1422,16496.0,0
1423,15539.0,0
1424,13305.0,30
1425,15145.0,0
1426,12518.0,26
1427,13370.0,0
1428,13705.0,0
1429,14849.0,12
1430,17968.0,26
1431,15574.0,26
1432,15093.0,26
1433,16150.0,26
1434,15545.0,4
1435,13034.0,0
1436,15301.0,12
1437,13319.0,27
1438,15983.0,26
1439,17671.0,0
1440,18004.0,0
1441,17890.0,7
1442,12867.0,5
1443,14150.0,0
1444,13496.0,0
1445,13124.0,33
1446,18223.0,27
1447,12423.0,26
1448,16996.0,0
1449,12585.0,0
1450,15845.0,26
1451,15326.0,0
1452,14229.0,0
1453,17569.0,0
1454,16235.0,0
1455,15447.0,0
1456,16315.0,0
1457,13854.0,30
1458,15033.0,35
1459,14784.0,0
1460,15497.0,0
1461,15448.0,0
1462,14496.0,0
1463,16419.0,7
1464,17035.0,0
1465,16515.0,7
1466,18202.0,0
1467,14233.0,0
1468,12600.0,0
1469,13706.0,0
1470,12921.0,12
1471,16431.0,26
1472,14959.0,10
1473,14754.0,0
1474,14101.0,0
1475,13951.0,0
1476,12988.0,4
1477,14639.0,26
1478,16838.0,0
1479,13870.0,26
1480,13630.0,26
1481,17027.0,26
1482,15031.0,27
1483,16709.0,26
1484,12817.0,0
1485,16449.0,0
1486,13881.0,30
1487,14915.0,0
1488,16136.0,0
1489,13908.0,26
1490,12758.0,26
1491,15581.0,7
1492,16553.0,26
1493,16359.0,0
1494,13265.0,26
1495,13956.0,30
1496,15125.0,26
1497,15388.0,0
1498,16570.0,26
1499,13971.0,26
1500,14636.0,0
1501,13358.0,0
1502,16216.0,0
1503,15695.0,0
1504,13046.0,24
1505,17204.0,0
1506,13262.0,0
1507,16427.0,0
1508,13050.0,12
1509,15457.0,0
1510,14461.0,4
1511,17411.0,0
1512,13512.0,0
1513,16905.0,7
1514,17749.0,0
1515,12481.0,27
1516,13037.0,0
1517,16253.0,26
1518,13015.0,26
1519,17848.0,0
1520,17492.0,0
1521,13525.0,0
1522,13863.0,0
1523,17140.0,0
1524,13731.0,0
1525,16643.0,0
1526,16837.0,20
1527,16325.0,0
1528,13570.0,0
1529,16186.0,23
1530,16172.0,0
1531,13717.0,30
1532,13138.0,0
1533,13208.0,26
1534,14898.0,7
1535,14834.0,0
1536,17058.0,0
1537,14105.0,26
1538,16806.0,23
1539,18171.0,26
1540,13993.0,26
1541,13692.0,0
1542,16947.0,0
1543,15265.0,0
1544,13647.0,0
1545,13735.0,27
1546,14201.0,0
1547,17109.0,4
1548,16834.0,0
1549,16442.0,10
1550,15237.0,26
1551,16188.0,31
1552,15210.0,0
1553,14149.0,0
1554,17422.0,26
1555,17374.0,0
1556,14515.0,26
1557,15757.0,0
1558,13069.0,12
1559,12700.0,27
1560,18242.0,0
1561,15106.0,26
1562,16116.0,0
1563,18221.0,0
1564,15826.0,0
1565,15907.0,19
1566,15123.0,26
1567,18097.0,26
1568,13627.0,26
1569,15599.0,0
1570,15095.0,0
1571,17521.0,0
1572,15042.0,10
1573,15804.0,30
1574,12942.0,26
1575,15249.0,20
1576,16810.0,0
1577,12473.0,30
1578,16424.0,0
1579,17162.0,23
1580,13865.0,0
1581,17015.0,26
1582,15238.0,26
1583,14231.0,0
1584,14501.0,0
1585,16184.0,0
1586,14222.0,0
1587,14321.0,26
1588,13090.0,26
1589,17426.0,20
1590,13618.0,0
1591,15076.0,0
1592,15507.0,0
1593,12930.0,0
1594,12444.0,20
1595,13611.0,26
1596,12955.0,26
1597,13656.0,0
1598,15146.0,26
1599,14383.0,0
1600,13730.0,0
1601,17046.0,0
1602,13291.0,0
1603,14493.0,31
1604,18121.0,10
1605,15182.0,0
1606,14690.0,0
1607,13224.0,26
1608,15577.0,0
1609,12833.0,0
1610,15465.0,26
1611,17040.0,0
1612,14342.0,0
1613,15618.0,0
1614,14973.0,0
1615,14511.0,0
1616,15776.0,0
1617,12456.0,0
1618,12534.0,26
1619,14408.0,7
1620,12749.0,27
1621,17731.0,26
1622,15150.0,12
1623,17267.0,0
1624,12931.0,11
1625,17220.0,18
1626,12885.0,0
1627,16245.0,26
1628,17442.0,27
1629,14116.0,0
1630,17122.0,0
1631,13838.0,26
1632,17637.0,0
1633,16706.0,33
1634,15472.0,0
1635,13236.0,0
1636,14055.0,0
1637,16309.0,30
1638,15811.0,26
1639,15325.0,0
1640,13808.0,26
1641,15364.0,0
1642,14360.0,26
1643,14208.0,0
1644,17573.0,0
1645,13823.0,0
1646,17299.0,26
1647,13375.0,0
1648,17037.0,0
1649,16279.0,10
1650,13321.0,0
1651,15322.0,0
1652,13518.0,0
1653,16160.0,0
1654,14356.0,0
1655,15888.0,0
1656,18228.0,26
1657,16379.0,27
1658,14261.0,0
1659,15398.0,26
1660,12906.0,26
1661,13336.0,0
1662,17498.0,0
1663,14757.0,0
1664,12783.0,0
1665,16600.0,24
1666,13866.0,0
1667,15745.0,26
1668,14818.0,0
1669,16266.0,10
1670,16157.0,0
1671,18265.0,0
1672,13924.0,26
1673,17447.0,0
1674,17528.0,30
1675,13759.0,0
1676,16747.0,0
1677,15306.0,0
1678,14518.0,30
1679,17813.0,12
1680,14427.0,0
1681,17314.0,26
1682,18277.0,0
1683,14234.0,26
1684,16674.0,26
1685,16052.0,0
1686,16563.0,0
1687,15335.0,30
1688,15066.0,0
1689,15610.0,0
1690,15803.0,0
1691,14638.0,0
1692,15664.0,0
1693,18252.0,26
1694,14484.0,0
1695,15836.0,0
1696,15814.0,30
1697,16313.0,0
1698,15000.0,26
1699,16023.0,26
1700,14001.0,0
1701,15805.0,12
1702,13978.0,0
1703,16345.0,0
1704,14416.0,0
1705,14710.0,27
1706,13103.0,0
1707,13544.0,10
1708,12552.0,0
1709,15847.0,0
1710,17653.0,0
1711,15275.0,0
1712,18164.0,0
1713,14528.0,0
1714,12615.0,30
1715,15551.0,0
1716,12544.0,0
1717,13914.0,0
1718,17076.0,0
1719,14971.0,26
1720,13040.0,30
1721,15839.0,0
1722,13719.0,10
1723,15025.0,0
1724,15986.0,0
1725,15450.0,0
1726,15297.0,20
1727,13396.0,0
1728,16386.0,0
1729,14902.0,0
1730,16936.0,0
1731,17081.0,19
1732,15781.0,0
1733,14554.0,26
1734,13939.0,0
1735,16298.0,30
1736,14191.0,12
1737,14034.0,26
1738,13962.0,0
1739,17301.0,0
1740,14860.0,0
1741,17636.0,0
1742,13899.0,0
1743,15393.0,0
1744,12784.0,0
1745,17254.0,26
1746,17348.0,26
1747,13332.0,0
1748,15783.0,0
1749,15197.0,0
1750,17911.0,0
1751,15951.0,0
1752,17386.0,26
1753,17495.0,0
1754,15992.0,0
1755,18154.0,0
1756,14708.0,0
1757,13521.0,10
1758,15363.0,0
1759,17402.0,0
1760,15048.0,7
1761,15018.0,0
1762,15858.0,20
1763,14896.0,0
1764,17950.0,0
1765,16270.0,0
1766,15358.0,27
1767,12501.0,26
1768,17365.0,30
1769,12553.0,26
1770,13837.0,0
1771,15549.0,0
1772,12662.0,26
1773,17334.0,0
1774,14935.0,0
1775,13018.0,12
1776,13085.0,0
1777,14057.0,12
1778,16980.0,0
1779,15078.0,12
1780,17364.0,12
1781,13666.0,0
1782,12458.0,0
1783,15053.0,7
1784,14570.0,29
1785,17381.0,0
1786,15819.0,26
1787,14291.0,12
1788,14976.0,24
1789,12520.0,26
1790,15047.0,0
1791,12539.0,12
1792,12811.0,0
1793,12408.0,26
1794,16767.0,26
1795,13481.0,0
1796,14286.0,23
1797,14060.0,26
1798,16193.0,0
1799,14309.0,26
1800,16637.0,0
1801,12524.0,26
1802,17489.0,0
1803,13662.0,0
1804,17765.0,0
1805,13657.0,0
1806,12815.0,0
1807,14447.0,0
1808,12790.0,0
1809,12594.0,0
1810,16461.0,10
1811,17351.0,0
1812,15578.0,0
1813,17266.0,22
1814,17984.0,0
1815,13629.0,0
1816,12378.0,26
1817,13588.0,26
1818,18235.0,30
1819,12729.0,0
1820,12645.0,0
1821,16042.0,26
1822,15764.0,26
1823,12685.0,26
1824,16211.0,0
1825,12390.0,0
1826,17311.0,30
1827,12546.0,0
1828,12488.0,0
1829,15366.0,0
1830,16101.0,26
1831,15834.0,20
1832,12626.0,27
1833,13876.0,0
1834,16358.0,26
1835,13276.0,0
1836,17509.0,26
1837,16395.0,7
1838,16776.0,0
1839,15051.0,26
1840,18045.0,0
1841,12432.0,0
1842,17839.0,0
1843,13592.0,0
1844,18022.0,26
1845,17323.0,10
1846,17288.0,26
1847,13471.0,12
1848,17920.0,35
1849,17383.0,4
1850,12682.0,28
1851,16470.0,26
1852,12413.0,0
1853,18136.0,0
1854,15133.0,0
1855,12727.0,26
1856,12728.0,0
1857,12480.0,27
1858,15019.0,0
1859,14957.0,0
1860,13761.0,0
1861,17642.0,0
1862,17960.0,0
1863,15895.0,0
1864,15074.0,0
1865,15866.0,26
1866,15136.0,0
1867,13483.0,0
1868,16753.0,30
1869,15367.0,0
1870,15012.0,26
1871,16372.0,26
1872,17510.0,0
1873,18043.0,7
1874,16513.0,0
1875,16479.0,0
1876,13596.0,26
1877,12838.0,30
1878,17809.0,26
1879,14506.0,7
1880,12763.0,0
1881,16122.0,0
1882,14037.0,0
1883,17618.0,0
1884,16531.0,30
1885,12577.0,7
1886,14016.0,10
1887,16303.0,30
1888,15518.0,12
1889,14692.0,27
1890,15228.0,26
1891,15321.0,27
1892,16339.0,0
1893,16571.0,27
1894,13975.0,27
1895,17138.0,0
1896,12948.0,0
1897,13316.0,26
1898,17861.0,26
1899,15754.0,0
1900,17160.0,12
1901,15135.0,0
1902,15172.0,26
1903,16180.0,26
1904,16258.0,26
1905,12976.0,0
1906,15333.0,0
1907,14407.0,30
1908,17007.0,26
1909,16611.0,0
1910,12422.0,0
1911,15644.0,12
1912,13109.0,30
1913,16464.0,20
1914,14866.0,26
1915,17649.0,0
1916,16170.0,26
1917,13722.0,0
1918,16655.0,19
1919,14331.0,0
1920,15396.0,0
1921,16126.0,30
1922,14250.0,26
1923,17919.0,0
1924,14132.0,26
1925,14753.0,0
1926,15105.0,26
1927,13196.0,26
1928,15341.0,0
1929,12936.0,0
1930,17552.0,0
1931,15906.0,26
1932,15255.0,26
1933,16140.0,0
1934,13177.0,0
1935,13422.0,26
1936,16921.0,0
1937,13115.0,26
1938,14537.0,0
1939,15505.0,26
1940,14698.0,20
1941,12474.0,18
1942,17672.0,26
1943,13974.0,0
1944,16066.0,20
1945,16750.0,26
1946,16847.0,0
1947,13532.0,0
1948,15573.0,7
1949,12893.0,0
1950,14788.0,0
1951,15058.0,24
1952,12578.0,26
1953,17523.0,0
1954,15148.0,0
1955,12957.0,10
1956,17014.0,7
1957,15948.0,0
1958,16561.0,0
1959,17579.0,0
1960,13790.0,0
1961,15987.0,32
1962,16558.0,18
1963,14107.0,26
1964,14709.0,26
1965,12388.0,30
1966,17819.0,0
1967,15004.0,26
1968,13492.0,0
1969,13575.0,0
1970,12832.0,0
1971,14893.0,20
1972,14083.0,7
1973,15351.0,27
1974,12347.0,22
1975,16746.0,12
1976,14803.0,0
1977,12417.0,31
1978,15288.0,27
1979,16036.0,26
1980,13883.0,26
1981,13849.0,26
1982,16054.0,26
1983,13244.0,0
1984,14794.0,26
1985,13155.0,26
1986,12797.0,0
1987,12753.0,28
1988,16202.0,0
1989,16499.0,30
1990,13092.0,0
1991,13385.0,10
1992,13983.0,26
1993,18250.0,0
1994,12359.0,27
1995,12707.0,0
1996,15065.0,26
1997,13044.0,0
1998,14056.0,3
1999,16807.0,0
2000,17272.0,26
2001,15521.0,10
2002,14886.0,0
2003,12766.0,12
2004,12457.0,0
2005,12354.0,0
2006,13456.0,30
2007,13568.0,0
2008,15537.0,0
2009,14163.0,0
2010,16652.0,26
2011,17073.0,7
2012,13159.0,26
2013,13539.0,30
2014,13658.0,26
2015,15475.0,0
2016,13390.0,0
2017,13503.0,0
2018,15088.0,26
2019,18096.0,7
2020,17180.0,26
2021,14562.0,19
2022,18042.0,0
2023,14015.0,0
2024,12611.0,0
2025,16491.0,0
2026,13176.0,26
2027,17350.0,26
2028,16318.0,0
2029,13727.0,30
2030,17357.0,0
2031,12452.0,0
2032,14756.0,0
2033,17883.0,26
2034,13780.0,0
2035,18030.0,0
2036,12478.0,0
2037,16274.0,30
2038,16163.0,0
2039,17937.0,0
2040,12944.0,0
2041,14248.0,0
2042,16897.0,0
2043,14180.0,12
2044,17504.0,26
2045,15068.0,26
2046,17929.0,0
2047,17928.0,0
2048,17142.0,0
2049,13485.0,0
2050,15187.0,14
2051,13131.0,0
2052,17234.0,0
2053,18061.0,23
2054,15041.0,0
2055,16178.0,0
2056,12750.0,0
2057,15205.0,0
2058,14720.0,0
2059,12688.0,26
2060,14875.0,0
2061,15251.0,26
2062,13519.0,0
2063,13200.0,26
2064,14488.0,0
2065,15821.0,24
2066,12602.0,0
2067,14019.0,0
2068,14139.0,0
2069,12430.0,0
2070,17623.0,30
2071,17197.0,0
2072,12384.0,0
2073,14862.0,0
2074,16956.0,0
2075,17727.0,26
2076,13436.0,0
2077,15877.0,26
2078,12713.0,0
2079,16250.0,0
2080,16539.0,26
2081,16411.0,0
2082,17320.0,26
2083,14220.0,0
2084,14618.0,26
2085,17849.0,7
2086,15673.0,26
2087,17708.0,0
2088,15110.0,0
2089,15227.0,0
2090,12764.0,0
2091,13576.0,30
2092,12857.0,0
2093,17282.0,0
2094,12352.0,0
2095,16875.0,26
2096,13285.0,26
2097,15990.0,0
2098,14934.0,26
2099,13499.0,0
2100,12514.0,26
2101,16115.0,12
2102,17733.0,0
2103,13871.0,12
2104,16398.0,0
2105,15605.0,26
2106,16915.0,20
2107,16394.0,26
2108,12878.0,0
2109,13990.0,0
2110,17644.0,26
2111,15724.0,0
2112,15658.0,0
2113,15969.0,0
2114,17124.0,0
2115,15743.0,26
2116,16626.0,26
2117,15700.0,26
2118,16003.0,10
2119,17631.0,0
2120,17734.0,0
2121,14947.0,0
2122,12844.0,0
2123,17633.0,0
2124,15189.0,10
2125,12624.0,0
2126,14824.0,0
2127,14508.0,0
2128,12965.0,26
2129,16794.0,12
2130,13860.0,0
2131,12609.0,0
2132,16603.0,0
2133,13297.0,26
2134,16295.0,26
2135,15756.0,33
2136,13858.0,0
2137,16826.0,0
2138,15748.0,0
2139,15414.0,0
2140,15344.0,0
2141,17034.0,0
2142,17458.0,24
2143,14540.0,26
2144,14688.0,12
2145,15346.0,0
2146,14270.0,0
2147,14497.0,0
2148,17105.0,0
2149,13012.0,0
2150,18211.0,0
2151,16584.0,0
2152,15655.0,0
2153,15780.0,0
2154,16418.0,7
2155,17384.0,0
2156,17245.0,0
2157,14442.0,0
2158,18203.0,0
2159,13311.0,0
2160,14076.0,0
2161,13513.0,0
2162,13617.0,26
2163,17736.0,0
2164,14691.0,19
2165,15466.0,33
2166,14805.0,26
2167,15677.0,0
2168,16322.0,0
2169,15010.0,0
2170,17985.0,16
2171,15115.0,0
2172,17069.0,26
2173,13963.0,0
2174,17018.0,0
2175,14334.0,26
2176,14439.0,0
2177,17677.0,12
2178,13534.0,12
2179,14970.0,0
2180,13538.0,0
2181,16523.0,12
2182,13802.0,0
2183,15421.0,26
2184,14600.0,0
2185,14346.0,0
2186,12834.0,0
2187,16801.0,26
2188,12994.0,26
2189,16511.0,10
2190,18229.0,26
2191,14223.0,0
2192,14245.0,26
2193,13368.0,0
2194,13728.0,0
2195,16224.0,26
2196,12720.0,12
2197,13577.0,0
2198,14198.0,0
2199,13952.0,26
2200,15535.0,26
2201,14672.0,10
2202,14662.0,22
2203,17588.0,0
2204,12502.0,26
2205,15258.0,0
2206,18078.0,0
2207,17612.0,26
2208,18102.0,36
2209,16275.0,0
2210,16614.0,0
2211,14162.0,0
2212,12837.0,0
2213,15329.0,0
2214,18143.0,0
2215,15623.0,20
2216,16839.0,20
2217,14972.0,0
2218,16880.0,10
2219,15996.0,23
2220,15122.0,26
2221,15215.0,26
2222,13249.0,0
2223,17870.0,22
2224,15343.0,0
2225,16198.0,0
2226,13670.0,0
2227,13704.0,26
2228,17376.0,0
2229,15276.0,24
2230,13359.0,0
2231,17462.0,0
2232,17771.0,26
2233,15659.0,0
2234,17503.0,0
2235,13772.0,27
2236,16732.0,0
2237,13021.0,26
2238,17461.0,26
2239,13467.0,26
2240,12882.0,0
2241,14658.0,0
2242,17420.0,0
2243,17897.0,7
2244,15525.0,27
2245,17017.0,27
2246,14901.0,26
2247,16203.0,0
2248,14829.0,0
2249,17796.0,7
2250,12472.0,27
2251,15919.0,23
2252,16654.0,0
2253,17519.0,0
2254,15660.0,0
2255,14355.0,0
2256,14913.0,26
2257,16191.0,26
2258,15611.0,30
2259,13565.0,0
2260,16351.0,0
2261,13862.0,26
2262,16843.0,12
2263,15596.0,0
2264,15167.0,0
2265,12935.0,26
2266,13815.0,30
2267,13198.0,22
2268,16124.0,0
2269,15057.0,0
2270,17431.0,0
2271,14411.0,0
2272,14431.0,0
2273,18093.0,26
2274,17667.0,26
2275,12507.0,0
2276,15236.0,0
2277,16317.0,0
2278,16509.0,0
2279,17050.0,12
2280,13038.0,0
2281,14276.0,27
2282,15910.0,26
2283,14841.0,30
2284,15121.0,0
2285,15062.0,0
2286,16212.0,0
2287,16678.0,26
2288,14388.0,26
2289,16766.0,0
2290,17164.0,30
2291,13043.0,0
2292,12435.0,0
2293,13591.0,0
2294,12693.0,0
2295,15140.0,0
2296,16619.0,0
2297,13934.0,0
2298,12613.0,26
2299,16721.0,20
2300,12818.0,0
2301,15245.0,0
2302,13341.0,0
2303,14256.0,0
2304,12669.0,0
2305,15424.0,0
2306,17438.0,0
2307,14890.0,0
2308,12909.0,0
2309,15223.0,0
2310,18272.0,10
2311,15119.0,30
2312,16045.0,26
2313,17550.0,0
2314,13113.0,12
2315,12596.0,0
2316,17278.0,0
2317,15813.0,0
2318,12582.0,0
2319,13516.0,0
2320,14323.0,0
2321,12639.0,0
2322,15491.0,26
2323,15625.0,0
2324,12506.0,0
2325,16185.0,0
2326,17646.0,0
2327,14948.0,0
2328,13450.0,0
2329,12625.0,26
2330,17886.0,7
2331,14873.0,0
2332,15116.0,0
2333,12426.0,0
2334,18232.0,0
2335,15108.0,0
2336,12535.0,0
2337,16550.0,19
2338,15069.0,0
2339,13343.0,0
2340,17490.0,0
2341,12816.0,0
2342,12951.0,0
2343,14820.0,0
2344,14854.0,26
2345,14404.0,0
2346,14364.0,0
2347,12901.0,26
2348,14459.0,0
2349,15920.0,10
2350,14916.0,0
2351,14265.0,0
2352,16488.0,0
2353,16255.0,12
2354,16745.0,12
2355,12560.0,27
2356,13075.0,0
2357,14543.0,26
2358,12517.0,12
2359,13355.0,0
2360,16053.0,26
2361,15480.0,0
2362,12513.0,0
2363,16723.0,0
2364,16340.0,26
2365,13376.0,0
2366,14171.0,0
2367,13210.0,0
2368,14410.0,12
2369,17838.0,26
2370,15103.0,0
2371,17679.0,0
2372,17434.0,19
2373,14557.0,0
2374,16108.0,0
2375,15947.0,0
2376,13356.0,0
2377,12550.0,0
2378,15239.0,0
2379,17480.0,0
2380,15075.0,0
2381,12656.0,26
2382,14815.0,26
2383,15762.0,0
2384,15300.0,0
2385,16380.0,0
2386,12446.0,0
2387,16793.0,0
2388,17614.0,26
2389,12380.0,26
2390,15637.0,0
2391,13245.0,0
2392,17193.0,27
2393,16056.0,26
2394,14485.0,0
2395,16070.0,0
2396,12538.0,0
2397,14382.0,7
2398,12349.0,26
2399,18139.0,26
2400,16330.0,10
2401,16020.0,0
2402,16364.0,0
2403,14005.0,0
2404,12437.0,30
2405,16497.0,30
2406,15737.0,0
2407,13235.0,0
2408,12947.0,26
2409,17444.0,26
2410,12653.0,0
2411,14965.0,26
2412,15988.0,0
2413,17515.0,0
2414,17585.0,26
2415,16510.0,0
2416,12712.0,0
2417,12410.0,0
2418,16434.0,26
2419,12521.0,0
2420,17025.0,0
2421,13171.0,0
2422,14375.0,26
2423,14897.0,0
2424,12583.0,26
2425,17396.0,0
2426,17860.0,26
2427,12431.0,26
2428,12377.0,0
2429,13397.0,0
2430,15485.0,26
2431,13158.0,0
2432,13725.0,26
2433,17705.0,26
2434,13932.0,0
2435,14214.0,4
2436,12902.0,0
2437,17719.0,26
2438,12678.0,26
2439,17857.0,26
2440,12853.0,0
2441,16098.0,0
2442,17217.0,0
2443,13282.0,0
2444,17410.0,30
2445,12395.0,26
2446,16912.0,26
2447,15370.0,26
2448,17522.0,7
2449,16205.0,7
2450,12674.0,0
2451,15128.0,27
2452,13821.0,0
2453,15380.0,0
2454,13814.0,0
2455,15639.0,0
2456,13850.0,0
2457,13082.0,26
2458,12680.0,0
2459,14262.0,0
2460,12708.0,26
2461,13232.0,26
2462,14004.0,26
2463,15707.0,26
2464,12362.0,4
2465,15036.0,26
2466,16591.0,0
2467,17321.0,26
2468,12923.0,0
2469,15553.0,0
2470,18210.0,30
2471,16009.0,26
2472,16688.0,0
2473,17924.0,0
2474,12397.0,26
2475,18077.0,7
2476,17932.0,20
2477,17052.0,26
2478,15787.0,26
2479,14032.0,0
2480,13048.0,26
2481,15694.0,0
2482,17869.0,0
2483,18119.0,0
2484,15503.0,0
2485,17980.0,7
2486,17001.0,26
2487,14739.0,0
2488,17284.0,12
2489,16701.0,26
2490,14450.0,0
2491,14130.0,26
2492,15373.0,19
2493,15554.0,0
2494,18280.0,0
2495,16297.0,0
2496,16672.0,0
2497,17678.0,0
2498,16022.0,0
2499,12717.0,0
2500,16656.0,0
2501,18227.0,0
2502,15865.0,0
2503,17898.0,0
2504,17166.0,0
2505,17554.0,27
2506,15376.0,26
2507,13655.0,0
2508,14335.0,0
2509,12640.0,0
2510,18066.0,0
2511,18278.0,0
2512,16361.0,23
2513,17201.0,0
2514,16284.0,26
2515,17895.0,0
2516,18035.0,30
2517,16445.0,0
2518,12689.0,0
2519,13846.0,0
2520,15484.0,27
2521,13403.0,0
2522,12920.0,0
2523,15872.0,10
2524,14418.0,26
2525,16000.0,0
2526,17232.0,0
2527,17917.0,0
2528,13600.0,0
2529,15768.0,0
2530,12851.0,7
2531,14859.0,0
2532,15154.0,0
2533,13760.0,0
2534,14830.0,0
2535,18019.0,0
2536,14108.0,0
2537,13603.0,0
2538,14593.0,26
2539,16657.0,7
2540,15891.0,0
2541,15850.0,7
2542,17203.0,7
2543,12651.0,0
2544,16112.0,0
2545,13898.0,0
2546,16730.0,26
2547,12468.0,0
2548,13904.0,0
2549,12721.0,26
2550,12463.0,26
2551,17248.0,0
2552,12670.0,26
2553,13211.0,0
2554,12726.0,26
2555,17084.0,26
2556,17302.0,26
2557,12890.0,0
2558,16283.0,30
2559,16795.0,26
2560,16805.0,33
2561,12673.0,0
2562,12510.0,0
2563,12754.0,0
2564,17994.0,26
2565,14078.0,26
2566,17855.0,0
2567,12686.0,0
2568,17674.0,0
2569,17880.0,0
2570,14082.0,0
2571,13199.0,26
2572,13107.0,0
2573,16493.0,0
2574,12372.0,0
2575,12781.0,0
2576,13533.0,0
2577,12792.0,0
2578,18263.0,0
2579,12982.0,0
2580,16097.0,0
2581,13752.0,26
2582,16463.0,0
2583,16967.0,0
2584,15386.0,0
2585,12516.0,0
2586,12424.0,0
2587,17673.0,26
2588,14722.0,10
2589,17703.0,27
2590,13999.0,26
2591,13167.0,26
2592,12993.0,0
2593,12381.0,0
2594,13621.0,0
2595,12418.0,0
2596,12991.0,0
2597,13985.0,12
2598,16820.0,0
2599,12616.0,0
2600,17481.0,26
2601,16215.0,0
2602,18188.0,26
2603,13892.0,0
2604,14251.0,26
2605,14856.0,0
2606,16848.0,0
2607,15277.0,0
2608,12398.0,0
2609,13318.0,0
2610,17930.0,0
2611,13029.0,0
2612,13732.0,0
2613,12762.0,0
2614,16478.0,0
2615,15556.0,0
2616,14075.0,0
2617,12598.0,26
2618,15163.0,0
2619,16712.0,12
2620,16979.0,26
2621,14020.0,0
2622,14539.0,0
2623,16616.0,0
2624,17772.0,30
2625,14287.0,0
2626,17221.0,0
2627,12719.0,0
2628,12925.0,0
2629,14140.0,0
2630,14204.0,0
2631,15399.0,0
2632,12647.0,26
2633,13531.0,0
2634,14413.0,0
2635,12668.0,26
2636,12561.0,0
2637,16743.0,26
2638,16152.0,0
2639,15832.0,0
2640,15201.0,0
2641,13548.0,26
2642,13229.0,0
2643,14758.0,0
2644,13642.0,10
2645,16365.0,0
2646,14759.0,26
2647,12569.0,26
2648,13130.0,0
2649,13813.0,26
2650,12772.0,0
2651,17999.0,7
2652,15763.0,26
2653,13379.0,26
2654,15435.0,20
2655,13986.0,0
2656,16343.0,0
2657,15165.0,0
2658,13520.0,0
2659,18037.0,0
2660,12691.0,0
2661,13817.0,0
2662,16401.0,12
2663,12826.0,26
2664,12402.0,0
2665,12373.0,0
2666,17863.0,26
2667,12654.0,0
2668,12633.0,26
2669,12361.0,0
2670,12623.0,0
2671,12383.0,26
2672,13299.0,0
2673,12564.0,0
2674,18040.0,0
2675,12447.0,0
2676,12701.0,0
2677,17589.0,7
2678,15552.0,20
2679,16644.0,0
2680,12649.0,0
2681,15855.0,7
2682,12802.0,0
2683,12490.0,12
2684,12635.0,27
2685,12405.0,26
2686,12627.0,12
2687,14533.0,0
2688,13320.0,26
2689,13812.0,0
2690,12526.0,27
2691,12379.0,0
2692,12724.0,27
2693,17295.0,0
2694,13816.0,0
2695,12519.0,0
2696,12492.0,0
2697,16954.0,0
2698,12607.0,26
2699,12876.0,26
2700,12522.0,0
2701,12812.0,0
2702,12581.0,0
2703,12491.0,0
2704,16887.0,0
2705,12985.0,26
2706,12465.0,0
2707,14703.0,0
2708,16811.0,0
2709,12716.0,26
2710,14114.0,0
2711,13330.0,0
2712,16403.0,0
2713,13410.0,0
2714,13345.0,0
2715,12679.0,0
2716,13266.0,31
2717,13995.0,26
2718,12769.0,0
2719,12593.0,0
2720,12394.0,0
2721,12592.0,0
2722,12710.0,0
2723,13248.0,0
2724,17252.0,0
2725,17101.0,0
2726,15384.0,0
2727,12412.0,26
2728,17750.0,16
2729,14657.0,7
2730,18151.0,0
2731,12453.0,30
2732,16422.0,12
2733,13720.0,0
2734,12962.0,0
2735,12739.0,0
2736,14420.0,0
2737,15114.0,26
2738,14624.0,0
2739,16680.0,0
2740,13673.0,27
2741,17791.0,0
2742,12877.0,26
2743,13212.0,26
2744,17371.0,22
2745,14591.0,26
2746,18015.0,0
2747,12367.0,0
2748,13280.0,7
2749,17862.0,0
2750,17306.0,0
2751,16392.0,0
2752,15483.0,26
2753,18008.0,0
2754,16681.0,0
2755,15810.0,26
2756,14878.0,26
2757,15506.0,26
2758,17373.0,7
2759,15342.0,0
2760,12723.0,0
2761,13329.0,0
2762,16504.0,7
2763,15918.0,0
2764,12793.0,0
2765,12527.0,0
2766,12735.0,0
2767,14850.0,30
2768,12494.0,0
2769,15641.0,26
2770,13931.0,0
2771,13736.0,26
2772,14152.0,0
2773,15203.0,26
2774,14389.0,0
2775,15298.0,26
2776,13686.0,0
2777,14077.0,7
2778,15334.0,26
2779,12757.0,28
2780,15232.0,0
2781,18158.0,0
2782,16451.0,27
2783,12579.0,0
2784,14598.0,0
2785,17153.0,0
2786,14385.0,0
2787,16748.0,0
2788,16029.0,11
2789,18269.0,0
2790,12530.0,0
2791,13824.0,0
2792,13584.0,0
2793,13941.0,0
2794,13477.0,26
2795,13497.0,0
2796,12690.0,0
2797,16342.0,0
2798,14491.0,0
2799,15462.0,0
2800,12704.0,0
2801,12571.0,0
2802,14790.0,0
2803,12715.0,0
2804,12752.0,0
2805,12393.0,0
2806,13354.0,0
2807,13919.0,0
2808,12631.0,0
2809,18130.0,26
2810,13590.0,0
2811,14482.0,26
2812,15679.0,26
2813,16669.0,22
2814,17760.0,0
2815,16660.0,0
2816,12531.0,0
2817,12989.0,0
2818,17914.0,26
2819,14569.0,0
2820,14761.0,0
2821,12559.0,0
2822,17874.0,0
2823,17931.0,0
2824,12733.0,0
2825,15517.0,0
2826,17179.0,0
2827,17187.0,0
2828,17893.0,0
2829,17970.0,0
2830,17912.0,7
2831,17670.0,0
2832,16682.0,0
2833,13338.0,20
2834,16369.0,26
2835,17290.0,24
2836,16850.0,0
2837,12599.0,0
2838,12694.0,0
2839,12638.0,0
2840,14087.0,26
2841,15204.0,0
2842,16951.0,0
2843,15544.0,12
2844,17660.0,0
2845,12399.0,0
2846,16983.0,26
2847,17824.0,0
2848,16841.0,26
2849,12508.0,26
2850,15274.0,0
2851,18005.0,0
2852,14129.0,0
2853,14775.0,0
2854,13506.0,0
2855,13984.0,0
2856,17692.0,0
2857,15789.0,0
2858,18095.0,0
2859,17226.0,0
2860,15090.0,0
2861,16638.0,26
2862,14762.0,0
2863,13743.0,0
2864,12999.0,0
2865,15147.0,0
2866,18062.0,0
2867,18142.0,0
2868,16763.0,0
2869,18013.0,0
2870,16027.0,26
2871,16761.0,0
2872,15626.0,0
2873,18276.0,0
2874,16648.0,0
2875,17010.0,0
2876,17100.0,0
2877,12660.0,0
2878,14023.0,0
2879,12791.0,0
2880,12738.0,0
2881,12427.0,0
2882,12725.0,26
2883,12808.0,0
2884,16861.0,0
2885,12441.0,0
2886,12785.0,0
2887,12971.0,21
2888,12348.0,0
2889,12515.0,0
2890,12489.0,0
2891,12500.0,0
2892,12736.0,0
2893,12601.0,0
2894,12643.0,0
2895,14295.0,0
2896,12356.0,0
2897,12665.0,0
2898,12664.0,0
2899,12421.0,0
2900,12591.0,0
2901,12574.0,0
2902,12528.0,26
2903,12778.0,0
2904,12676.0,0
2905,12414.0,0
2906,12350.0,0
2907,12464.0,0
2908,12401.0,0
2909,15827.0,26
2910,12523.0,14
2911,13493.0,0
2912,12866.0,0
2913,12541.0,30
2914,12547.0,0
2915,12407.0,0
2916,12604.0,0
2917,12545.0,0
2918,16692.0,0
2919,12580.0,0
2920,16217.0,0
2921,15971.0,0
2922,18270.0,0
2923,13811.0,0
2924,14339.0,0
2925,12619.0,26
2926,12622.0,0
2927,17940.0,0
2928,12787.0,0
2929,12732.0,0
2930,12809.0,0
2931,12697.0,0
2932,12548.0,0
2933,12493.0,0
2934,13826.0,0
2935,12648.0,0
2936,12358.0,0
2937,13509.0,0
2938,12589.0,0
2939,13023.0,0
2940,17788.0,0
2941,15157.0,26
2942,12641.0,0
2943,12364.0,0
2944,12642.0,0
2945,12814.0,0
2946,12436.0,0
2947,12375.0,0
2948,16828.0,0
2949,15885.0,0
2950,12566.0,0
2951,12497.0,0
2952,12657.0,26
2953,17172.0,0
2954,12612.0,0
2955,13430.0,27
2956,12718.0,0
2957,12703.0,0
2958,13426.0,26
2959,12789.0,0
2960,12498.0,0
2961,13810.0,30
2962,12475.0,0
2963,12403.0,0
2964,12448.0,0
2965,12588.0,0
2966,16416.0,0
2967,12532.0,0
2968,12504.0,0
2969,12659.0,0
2970,12374.0,0
2971,13026.0,0
2972,12445.0,0
2973,12603.0,0
2974,12618.0,0
2975,12702.0,0
2976,12795.0,30
2977,16900.0,0
2978,12620.0,26
2979,12479.0,0
2980,12587.0,0
2981,12442.0,0
2982,13748.0,0
2983,18011.0,0
2984,15070.0,0
2985,17691.0,0
2986,16817.0,19
2987,16306.0,0
2988,13649.0,0
2989,13327.0,19
2990,15723.0,0
2991,16062.0,26
2992,14625.0,0
2993,17621.0,0
2994,15208.0,0
2995,14737.0,0
2996,12873.0,0
2997,16495.0,10
2998,13035.0,0
2999,13712.0,0
3000,14288.0,0
3001,16671.0,0
3002,15671.0,26
3003,15683.0,0
3004,14224.0,7
3005,16536.0,0
3006,18018.0,0
3007,17451.0,27
3008,16083.0,0
3009,17317.0,0
3010,13431.0,0
3011,12822.0,0
3012,16229.0,0
3013,18001.0,30
3014,18173.0,0
3015,14306.0,0
3016,15975.0,0
3017,13325.0,0
3018,15500.0,26
3019,16169.0,0
3020,13639.0,0
3021,17061.0,0
3022,14412.0,0
3023,15949.0,0
3024,16667.0,30
3025,15930.0,0
3026,13351.0,0
3027,16333.0,0
3028,17739.0,0
3029,14317.0,0
3030,13940.0,0
3031,16518.0,0
3032,15473.0,0
3033,17190.0,0
3034,14421.0,0
3035,17181.0,0
3036,13546.0,26
3037,17244.0,0
3038,14585.0,0
3039,17125.0,24
3040,14607.0,26
3041,15142.0,0
3042,17423.0,0
3043,16708.0,30
3044,15014.0,0
3045,16079.0,0
3046,16884.0,0
3047,16500.0,0
3048,14553.0,26
3049,17219.0,0
3050,13522.0,0
3051,16164.0,0
3052,14851.0,0
3053,17835.0,0
3054,14052.0,0
3055,17664.0,0
3056,14030.0,30
3057,17759.0,7
3058,16885.0,26
3059,17385.0,10
3060,13844.0,0
3061,15904.0,0
3062,15550.0,0
3063,15332.0,0
3064,16565.0,0
3065,16567.0,0
3066,12672.0,0
3067,13551.0,0
3068,13494.0,0
3069,12845.0,0
3070,14155.0,0
3071,14145.0,0
3072,17464.0,0
3073,13414.0,0
3074,15541.0,0
3075,17593.0,26
3076,14819.0,0
3077,16104.0,0
3078,15355.0,0
3079,18240.0,0
3080,13278.0,0
3081,15689.0,0
3082,16134.0,0
3083,14744.0,0
3084,16225.0,7
3085,17443.0,0
3086,16629.0,0
3087,17165.0,0
3088,15433.0,0
3089,16690.0,0
3090,17949.0,11
3091,16278.0,0
3092,15937.0,0
3093,13091.0,0
3094,14362.0,0
3095,17905.0,0
3096,13347.0,0
3097,16594.0,0
3098,15654.0,0
3099,17680.0,0
3100,15221.0,0
3101,13455.0,0
3102,14779.0,0
3103,15308.0,0
3104,13781.0,0
3105,17866.0,0
3106,15438.0,0
3107,18237.0,0
3108,16218.0,0
3109,14869.0,0
3110,13183.0,33
3111,16173.0,26
3112,12454.0,0
3113,15345.0,0
3114,15791.0,0
3115,15478.0,0
3116,16557.0,0
3117,15699.0,0
3118,17988.0,0
3119,16781.0,0
3120,14958.0,0
3121,14127.0,0
3122,14128.0,26
3123,13740.0,0
3124,13989.0,0
3125,13120.0,0
3126,13427.0,0
3127,18120.0,0
3128,15925.0,0
3129,14232.0,26
3130,15585.0,0
3131,14765.0,7
3132,13014.0,26
3133,14406.0,0
3134,13372.0,0
3135,13514.0,0
3136,16930.0,0
3137,16363.0,0
3138,15576.0,26
3139,18105.0,0
3140,17979.0,26
3141,14174.0,0
3142,14550.0,0
3143,13255.0,0
3144,13011.0,0
3145,16596.0,0
3146,15262.0,0
3147,13873.0,0
3148,15656.0,0
3149,13502.0,0
3150,14633.0,0
3151,14377.0,0
3152,17486.0,0
3153,15307.0,0
3154,17279.0,0
3155,16542.0,0
3156,17608.0,0
3157,14517.0,0
3158,13066.0,30
3159,14984.0,24
3160,14804.0,0
3161,15100.0,0
3162,14237.0,30
3163,13958.0,0
3164,16233.0,0
3165,13238.0,0
3166,18088.0,0
3167,15060.0,7
3168,13579.0,26
3169,15180.0,0
3170,13933.0,0
3171,17997.0,26
3172,15533.0,26
3173,16924.0,19
3174,14038.0,26
3175,13314.0,26
3176,16183.0,0
3177,14138.0,26
3178,17534.0,0
3179,14629.0,26
3180,17712.0,0
3181,13697.0,0
3182,15017.0,0
3183,12849.0,0
3184,14712.0,0
3185,17540.0,0
3186,14157.0,26
3187,18110.0,7
3188,13363.0,26
3189,14093.0,7
3190,13882.0,19
3191,15790.0,0
3192,12779.0,26
3193,13295.0,0
3194,17256.0,0
3195,17507.0,0
3196,13184.0,26
3197,17891.0,0
3198,13955.0,0
3199,13563.0,0
3200,16460.0,30
3201,12824.0,0
3202,13213.0,26
3203,14974.0,0
3204,14664.0,30
3205,16482.0,31
3206,15032.0,0
3207,12551.0,0
3208,13033.0,0
3209,15769.0,11
3210,14409.0,0
3211,16030.0,0
3212,16997.0,0
3213,14438.0,0
3214,15406.0,26
3215,16214.0,0
3216,13121.0,0
3217,14315.0,26
3218,14632.0,0
3219,15528.0,0
3220,17174.0,0
3221,14188.0,26
3222,14489.0,0
3223,17702.0,0
3224,13227.0,0
3225,13070.0,0
3226,14745.0,0
3227,13461.0,0
3228,18177.0,0
3229,16091.0,0
3230,16099.0,0
3231,15835.0,0
3232,14024.0,0
3233,16272.0,0
3234,14566.0,0
3235,16952.0,0
3236,17229.0,0
3237,15417.0,0
3238,15523.0,0
3239,14282.0,26
3240,16468.0,0
3241,16182.0,0
3242,13587.0,0
3243,13689.0,0
3244,16809.0,26
3245,13283.0,0
3246,15678.0,0
3247,17557.0,0
3248,12990.0,0
3249,16759.0,30
3250,16986.0,0
3251,16903.0,14
3252,13991.0,7
3253,17651.0,30
3254,13304.0,33
3255,17555.0,26
3256,13068.0,0
3257,14477.0,0
3258,17508.0,0
3259,16096.0,0
3260,17946.0,0
3261,14273.0,0
3262,16990.0,0
3263,13242.0,0
3264,16341.0,26
3265,17375.0,26
3266,14705.0,0
3267,15921.0,0
3268,14104.0,0
3269,16305.0,0
3270,15254.0,0
3271,17298.0,0
3272,14452.0,20
3273,13228.0,0
3274,14887.0,0
3275,13927.0,0
3276,13419.0,26
3277,14910.0,0
3278,14357.0,0
3279,16620.0,0
3280,15732.0,0
3281,15897.0,0
3282,15795.0,0
3283,16722.0,12
3284,17368.0,26
3285,15178.0,0
3286,13856.0,0
3287,15027.0,0
3288,16628.0,26
3289,14212.0,0
3290,12425.0,0
3291,13028.0,0
3292,17031.0,0
3293,17324.0,7
3294,12967.0,0
3295,12557.0,0
3296,15738.0,30
3297,17083.0,0
3298,15970.0,0
3299,13893.0,0
3300,17978.0,0
3301,16948.0,0
3302,15785.0,26
3303,15049.0,0
3304,16969.0,30
3305,17877.0,0
3306,12922.0,0
3307,14645.0,0
3308,16866.0,0
3309,14050.0,0
3310,12740.0,0
3311,13690.0,0
3312,16143.0,26
3313,13284.0,0
3314,15213.0,0
3315,17118.0,0
3316,13328.0,0
3317,14006.0,0
3318,13309.0,29
3319,17325.0,0
3320,14998.0,7
3321,15976.0,26
3322,17470.0,30
3323,12770.0,0
3324,14891.0,0
3325,15449.0,0
3326,17242.0,0
3327,15007.0,0
3328,16174.0,0
3329,15256.0,0
3330,18262.0,0
3331,17353.0,0
3332,13470.0,0
3333,13032.0,26
3334,16281.0,0
3335,12614.0,0
3336,16928.0,10
3337,16823.0,0
3338,13726.0,0
3339,13828.0,0
3340,17086.0,0
3341,14098.0,0
3342,13027.0,0
3343,13754.0,0
3344,17147.0,26
3345,16425.0,0
3346,14586.0,0
3347,16256.0,0
3348,17398.0,0
3349,15981.0,26
3350,15289.0,0
3351,18185.0,0
3352,12363.0,0
3353,15582.0,0
3354,16092.0,0
3355,13398.0,0
3356,14466.0,0
3357,16113.0,0
3358,17446.0,0
3359,14676.0,0
3360,15372.0,0
3361,14885.0,0
3362,18099.0,0
3363,17045.0,30
3364,18251.0,0
3365,12895.0,0
3366,17628.0,0
3367,14236.0,0
3368,14014.0,0
3369,16653.0,26
3370,13868.0,30
3371,14102.0,29
3372,16025.0,0
3373,18117.0,26
3374,17650.0,0
3375,16024.0,0
3376,13402.0,0
3377,14776.0,26
3378,16084.0,0
3379,12852.0,0
3380,17135.0,0
3381,14241.0,0
3382,13930.0,0
3383,16551.0,0
3384,13324.0,0
3385,14780.0,0
3386,18217.0,0
3387,14381.0,26
3388,15853.0,0
3389,13349.0,0
3390,15139.0,0
3391,16778.0,0
3392,16135.0,0
3393,15143.0,0
3394,14837.0,26
3395,13339.0,29
3396,15852.0,0
3397,15939.0,0
3398,13080.0,0
3399,13925.0,0
3400,13016.0,0
3401,13774.0,0
3402,18059.0,0
3403,15857.0,0
3404,15224.0,0
3405,14889.0,0
3406,15087.0,0
3407,15104.0,26
3408,14338.0,0
3409,15280.0,0
3410,16824.0,24
3411,12794.0,0
3412,14652.0,29
3413,17011.0,0
3414,14714.0,0
3415,17227.0,0
3416,14697.0,0
3417,17429.0,0
3418,14414.0,26
3419,14997.0,0
3420,13271.0,26
3421,17744.0,26
3422,16666.0,0
3423,15222.0,0
3424,13853.0,0
3425,15043.0,0
3426,18014.0,0
3427,16720.0,0
3428,12950.0,0
3429,14013.0,0
3430,17574.0,0
3431,15714.0,30
3432,17111.0,0
3433,15973.0,0
3434,14437.0,0
3435,13491.0,0
3436,16378.0,0
3437,14386.0,0
3438,13753.0,0
3439,13973.0,0
3440,15681.0,0
3441,16080.0,0
3442,13072.0,0
3443,15669.0,0
3444,14870.0,0
3445,17698.0,0
3446,16063.0,0
3447,13626.0,0
3448,15314.0,0
3449,15124.0,0
3450,16050.0,0
3451,13937.0,0
3452,18193.0,10
3453,18236.0,27
3454,15261.0,0
3455,12981.0,0
3456,16961.0,0
3457,17070.0,0
3458,18200.0,0
3459,12924.0,0
3460,17415.0,0
3461,16627.0,0
3462,15837.0,0
3463,12646.0,0
3464,17432.0,26
3465,17711.0,0
3466,13615.0,0
3467,13707.0,0
3468,17859.0,0
3469,16441.0,26
3470,15806.0,0
3471,14536.0,0
3472,13439.0,0
3473,13005.0,0
3474,13723.0,0
3475,16647.0,0
3476,15292.0,0
3477,16963.0,0
3478,15609.0,0
3479,17693.0,0
3480,16734.0,0
3481,15243.0,0
3482,16999.0,0
3483,12828.0,30
3484,15264.0,0
3485,13348.0,0
3486,13259.0,0
3487,16413.0,0
3488,12827.0,0
3489,13292.0,0
3490,14968.0,0
3491,13557.0,0
3492,17235.0,0
3493,17237.0,4
3494,13508.0,22
3495,14888.0,0
3496,14716.0,0
3497,15900.0,26
3498,13142.0,0
3499,17359.0,0
3500,14904.0,0
3501,16933.0,7
3502,17829.0,0
3503,16356.0,0
3504,15454.0,0
3505,13744.0,0
3506,17725.0,26
3507,18072.0,0
3508,14184.0,0
3509,13193.0,0
3510,14863.0,0
3511,13718.0,0
3512,17370.0,0
3513,13918.0,0
3514,17852.0,0
3515,15820.0,0
3516,15257.0,0
3517,18071.0,0
3518,15729.0,0
3519,13750.0,0
3520,13645.0,0
3521,16189.0,0
3522,16127.0,0
3523,13800.0,0
3524,15670.0,0
3525,17535.0,0
3526,14059.0,0
3527,14512.0,0
3528,15320.0,0
3529,14929.0,0
3530,14293.0,0
3531,17456.0,0
3532,15109.0,0
3533,17054.0,0
3534,13273.0,0
3535,17892.0,0
3536,18218.0,0
3537,18033.0,0
3538,15540.0,0
3539,14932.0,0
3540,18230.0,26
3541,13684.0,0
3542,14912.0,0
3543,14619.0,0
3544,16642.0,0
3545,15829.0,0
3546,17666.0,0
3547,16432.0,0
3548,14141.0,0
3549,15252.0,0
3550,16243.0,0
3551,15773.0,0
3552,15520.0,0
3553,17873.0,0
3554,13434.0,0
3555,15127.0,0
3556,15565.0,0
3557,16352.0,0
3558,17761.0,0
3559,14036.0,0
3560,15063.0,0
3561,17724.0,20
3562,18215.0,0
3563,13923.0,0
3564,15597.0,0
3565,15463.0,0
3566,15347.0,0
3567,15823.0,0
3568,17175.0,0
3569,13226.0,0
3570,16698.0,0
3571,14473.0,0
3572,15886.0,0
3573,14089.0,0
3574,14966.0,0
3575,16471.0,0
3576,13801.0,0
3577,16816.0,0
3578,17356.0,0
3579,12576.0,0
3580,14289.0,0
3581,16825.0,0
3582,13435.0,26
3583,14359.0,0
3584,15593.0,0
3585,16803.0,0
3586,14300.0,0
3587,15073.0,0
3588,15097.0,0
3589,16598.0,0
3590,13239.0,0
3591,17110.0,0
3592,15120.0,0
3593,14772.0,0
3594,14164.0,0
3595,14923.0,0
3596,13153.0,0
3597,16560.0,30
3598,13479.0,0
3599,16774.0,0
3600,16829.0,0
3601,14400.0,0
3602,14960.0,0
3603,17697.0,0
3604,14988.0,10
3605,16711.0,0
3606,12974.0,0
3607,12917.0,0
3608,15442.0,0
3609,16566.0,26
3610,16526.0,0
3611,14463.0,0
3612,13207.0,0
3613,13967.0,0
3614,15101.0,0
3615,16048.0,0
3616,15279.0,0
3617,14597.0,26
3618,14799.0,0
3619,18082.0,26
3620,16528.0,0
3621,15130.0,0
3622,17601.0,0
3623,16473.0,0
3624,13101.0,0
3625,17939.0,0
3626,16902.0,0
3627,18155.0,0
3628,15360.0,0
3629,13751.0,0
3630,16965.0,0
3631,14589.0,0
3632,18108.0,0
3633,16498.0,0
3634,13699.0,0
3635,16909.0,0
3636,15193.0,0
3637,18104.0,26
3638,13417.0,0
3639,15299.0,0
3640,12830.0,0
3641,14348.0,0
3642,15815.0,0
3643,15561.0,0
3644,14143.0,0
3645,14029.0,0
3646,17889.0,0
3647,13301.0,10
3648,12847.0,0
3649,17806.0,0
3650,13216.0,0
3651,12434.0,0
3652,15922.0,0
3653,13787.0,0
3654,14012.0,0
3655,13741.0,20
3656,15432.0,0
3657,12386.0,0
3658,14643.0,0
3659,16943.0,0
3660,17537.0,10
3661,15319.0,0
3662,16917.0,0
3663,17548.0,0
3664,17630.0,0
3665,18159.0,23
3666,16072.0,0
3667,17556.0,0
3668,16338.0,0
3669,14002.0,0
3670,16758.0,0
3671,12929.0,0
3672,13473.0,0
3673,17668.0,0
3674,12980.0,0
3675,17843.0,0
3676,18074.0,0
3677,18138.0,0
3678,15944.0,0
3679,14962.0,0
3680,16586.0,0
3681,14397.0,0
3682,13976.0,0
3683,17781.0,0
3684,15923.0,0
3685,16034.0,0
3686,14238.0,0
3687,17888.0,26
3688,17560.0,0
3689,17171.0,0
3690,13166.0,0
3691,14699.0,0
3692,14682.0,0
3693,12987.0,0
3694,16239.0,10
3695,15405.0,0
3696,15016.0,0
3697,18073.0,0
3698,15315.0,0
3699,16715.0,0
3700,17405.0,20
3701,15869.0,0
3702,13762.0,0
3703,14481.0,0
3704,16796.0,0
3705,13960.0,0
3706,14666.0,0
3707,18141.0,0
3708,14782.0,0
3709,13049.0,0
3710,14727.0,0
3711,12831.0,0
3712,14403.0,0
3713,16055.0,0
3714,13917.0,0
3715,16247.0,0
3716,17694.0,0
3717,13194.0,0
3718,15198.0,0
3719,18261.0,0
3720,14522.0,0
3721,16213.0,0
3722,13389.0,0
3723,16119.0,0
3724,13845.0,0
3725,13806.0,0
3726,13594.0,0
3727,15740.0,0
3728,12919.0,0
3729,14641.0,0
3730,17595.0,20
3731,16789.0,0
3732,17524.0,0
3733,15822.0,0
3734,13165.0,0
3735,15661.0,0
3736,13002.0,0
3737,12897.0,0
3738,14760.0,0
3739,17117.0,0
3740,15733.0,0
3741,17654.0,0
3742,18135.0,0
3743,15825.0,0
3744,14264.0,0
3745,15746.0,0
3746,13441.0,0
3747,17154.0,0
3748,13947.0,0
3749,16177.0,0
3750,17684.0,0
3751,17878.0,30
3752,16851.0,0
3753,17255.0,7
3754,18205.0,30
3755,15153.0,31
3756,12617.0,0
3757,13833.0,7
3758,18169.0,0
3759,17785.0,0
3760,16506.0,0
3761,13926.0,0
3762,17561.0,0
3763,17502.0,0
3764,16856.0,0
3765,17737.0,0
3766,12365.0,0
3767,13462.0,0
3768,17409.0,0
3769,14453.0,0
3770,15026.0,0
3771,17148.0,0
3772,13170.0,7
3773,14066.0,0
3774,14500.0,0
3775,16872.0,0
3776,14908.0,0
3777,13878.0,26
3778,16535.0,0
3779,13792.0,0
3780,17506.0,0
3781,15395.0,0
3782,13405.0,0
3783,15397.0,0
3784,14326.0,0
3785,17972.0,0
3786,14280.0,0
3787,14542.0,0
3788,13784.0,0
3789,16955.0,0
3790,16344.0,0
3791,15864.0,0
3792,16389.0,0
3793,16179.0,0
3794,16665.0,0
3795,15643.0,0
3796,18282.0,0
3797,14644.0,0
3798,17901.0,30
3799,16311.0,0
3800,14272.0,0
3801,14495.0,0
3802,13897.0,0
3803,18067.0,0
3804,14725.0,26
3805,16752.0,0
3806,17639.0,0
3807,13132.0,0
3808,15174.0,0
3809,14981.0,0
3810,13529.0,0
3811,15840.0,0
3812,18017.0,0
3813,14520.0,0
3814,17029.0,0
3815,16835.0,0
3816,15313.0,0
3817,13045.0,0
3818,12884.0,0
3819,17022.0,0
3820,16953.0,0
3821,12558.0,0
3822,18174.0,0
3823,15649.0,0
3824,16679.0,0
3825,16532.0,0
3826,16319.0,0
3827,16545.0,0
3828,17926.0,0
3829,17695.0,0
3830,17553.0,0
3831,13145.0,0
3832,13147.0,0
3833,15269.0,0
3834,16302.0,0
3835,13460.0,0
3836,13737.0,0
3837,13133.0,0
3838,12695.0,0
3839,18176.0,0
3840,18101.0,0
3841,12565.0,20
3842,13663.0,0
3843,12450.0,0
3844,16583.0,0
3845,13008.0,0
3846,15881.0,7
3847,13261.0,0
3848,15083.0,0
3849,18129.0,0
3850,13482.0,0
3851,14353.0,0
3852,15263.0,0
3853,15091.0,0
3854,15567.0,0
3855,17453.0,0
3856,15663.0,0
3857,13685.0,0
3858,14333.0,0
3859,14853.0,0
3860,17286.0,0
3861,13003.0,0
3862,15287.0,0
3863,17647.0,0
3864,17955.0,0
3865,14660.0,0
3866,17466.0,0
3867,15492.0,0
3868,15619.0,0
3869,13504.0,0
3870,14027.0,0
3871,12855.0,0
3872,17816.0,0
3873,17620.0,0
3874,17274.0,0
3875,17233.0,24
3876,15603.0,0
3877,16236.0,27
3878,13606.0,0
3879,12755.0,0
3880,16832.0,0
3881,13631.0,0
3882,13489.0,0
3883,18191.0,0
3884,13127.0,0
3885,16836.0,0
3886,14921.0,0
3887,16423.0,0
3888,14581.0,0
3889,12912.0,0
3890,17973.0,0
3891,13573.0,0
3892,17538.0,0
3893,13189.0,0
3894,14206.0,0
3895,13135.0,0
3896,15985.0,0
3897,17582.0,0
3898,16581.0,0
3899,13953.0,0
3900,12756.0,0
3901,17333.0,0
3902,13889.0,0
3903,15980.0,0
3904,17433.0,0
3905,17163.0,0
3906,17403.0,0
3907,14345.0,0
3908,16026.0,0
3909,15160.0,0
3910,17770.0,0
3911,13936.0,0
3912,15181.0,0
3913,17934.0,0
3914,13366.0,0
3915,16006.0,0
3916,18147.0,0
3917,15667.0,0
3918,15158.0,0
3919,18086.0,0
3920,16483.0,0
3921,15809.0,0
3922,13223.0,0
3923,17795.0,7
3924,14768.0,0
3925,16337.0,0
3926,18010.0,0
3927,16966.0,0
3928,18150.0,0
3929,15942.0,0
3930,17475.0,0
3931,13669.0,0
3932,14494.0,0
3933,15168.0,30
3934,14185.0,0
3935,17033.0,0
3936,18032.0,0
3937,17152.0,10
3938,12420.0,0
3939,14616.0,0
3940,16078.0,0
3941,13185.0,0
3942,15917.0,0
3943,16957.0,0
3944,15098.0,11
3945,15185.0,0
3946,13980.0,0
3947,14158.0,0
3948,13747.0,0
3949,15759.0,0
3950,16433.0,0
3951,15350.0,0
3952,16248.0,0
3953,16139.0,0
3954,14480.0,0
3955,14219.0,0
3956,14111.0,0
3957,14368.0,0
3958,18114.0,0
3959,17789.0,0
3960,17906.0,0
3961,16105.0,0
3962,14304.0,0
3963,17987.0,0
3964,13938.0,0
3965,16276.0,0
3966,14457.0,0
3967,17615.0,0
3968,13395.0,0
3969,13420.0,0
3970,14764.0,0
3971,14821.0,0
3972,15651.0,0
3973,15422.0,0
3974,16858.0,0
3975,13484.0,0
3976,17307.0,0
3977,17718.0,0
3978,18220.0,0
3979,14301.0,0
3980,14109.0,0
3981,17947.0,0
3982,15458.0,0
3983,14861.0,0
3984,15728.0,0
3985,14793.0,0
3986,17600.0,0
3987,15634.0,0
3988,13589.0,0
3989,14371.0,0
3990,13778.0,0
3991,16959.0,0
3992,13017.0,0
3993,17957.0,33
3994,12968.0,0
3995,15958.0,0
3996,17297.0,0
3997,13693.0,0
3998,13887.0,0
3999,13095.0,0
4000,14881.0,0
4001,17941.0,0
4002,16018.0,0
4003,17887.0,0
4004,16926.0,0
4005,13253.0,0
4006,13233.0,0
4007,15504.0,0
4008,18050.0,0
4009,15734.0,0
4010,18274.0,0
4011,14119.0,0
4012,14474.0,0
4013,14523.0,0
4014,17977.0,0
4015,14195.0,0
4016,16757.0,0
4017,13745.0,0
4018,14582.0,0
4019,15195.0,0
4020,16120.0,0
4021,15543.0,0
4022,15467.0,26
4023,16292.0,0
4024,17836.0,10
4025,13247.0,0
4026,15516.0,0
4027,14601.0,0
4028,13277.0,0
4029,13805.0,0
4030,14460.0,0
4031,15175.0,0
4032,14731.0,10
4033,17643.0,0
4034,15192.0,0
4035,16689.0,0
4036,13061.0,0
4037,15766.0,0
4038,13006.0,0
4039,14054.0,0
4040,16751.0,0
4041,14039.0,0
4042,18281.0,0
4043,17832.0,26
4044,17078.0,0
4045,16041.0,0
4046,14789.0,0
4047,18249.0,0
4048,12888.0,0
4049,13364.0,0
4050,14259.0,0
4051,16106.0,0
4052,17094.0,0
4053,16516.0,0
4054,15912.0,10
4055,16650.0,0
4056,15592.0,0
4057,17455.0,0
4058,13791.0,0
4059,15216.0,0
4060,15212.0,0
4061,14340.0,0
4062,14045.0,0
4063,14147.0,0
4064,16754.0,0
4065,13104.0,0
4066,16846.0,0
4067,15330.0,0
4068,14483.0,0
4069,15361.0,0
4070,18056.0,0
4071,15030.0,0
4072,14964.0,0
4073,17658.0,0
4074,15705.0,0
4075,17391.0,0
4076,15604.0,0
4077,16207.0,0
4078,12966.0,0
4079,16227.0,0
4080,16181.0,0
4081,17603.0,0
4082,16737.0,0
4083,16927.0,0
4084,13062.0,0
4085,16447.0,23
4086,13146.0,33
4087,17775.0,0
4088,15690.0,0
4089,13678.0,0
4090,17205.0,0
4091,16998.0,0
4092,16349.0,0
4093,14795.0,0
4094,14792.0,0
4095,15327.0,0
4096,14314.0,0
4097,15935.0,0
4098,17714.0,0
4099,15267.0,0
4100,13739.0,0
4101,18112.0,0
4102,13352.0,0
4103,15348.0,0
4104,17457.0,0
4105,13572.0,0
4106,12355.0,0
4107,17958.0,0
4108,13218.0,0
4109,16405.0,0
4110,15753.0,0
4111,17440.0,26
4112,15316.0,0
4113,18081.0,0
4114,14975.0,0
4115,15400.0,0
4116,17547.0,0
4117,12984.0,0
4118,16287.0,0
4119,14855.0,0
4120,14951.0,0
4121,16171.0,0
4122,14354.0,0
4123,16159.0,0
4124,16149.0,0
4125,17312.0,7
4126,16878.0,7
4127,17942.0,0
4128,12943.0,0
4129,16109.0,0
4130,14079.0,0
4131,16414.0,0
4132,14213.0,30
4133,13169.0,30
4134,13638.0,0
4135,16668.0,0
4136,13466.0,0
4137,14752.0,0
4138,15844.0,0
4139,17026.0,0
4140,14373.0,0
4141,13279.0,0
4142,17746.0,0
4143,12915.0,0
4144,13404.0,0
4145,14436.0,0
4146,13710.0,0
4147,12995.0,0
4148,15045.0,0
4149,15691.0,0
4150,13832.0,0
4151,16262.0,0
4152,14679.0,0
4153,16519.0,0
4154,15709.0,0
4155,14053.0,0
4156,15557.0,0
4157,13848.0,0
4158,16377.0,0
4159,13841.0,0
4160,14000.0,0
4161,17414.0,0
4162,16308.0,0
4163,15703.0,0
4164,16989.0,0
4165,14816.0,0
4166,16162.0,0
4167,15226.0,0
4168,14124.0,0
4169,15653.0,0
4170,18087.0,0
4171,15744.0,0
4172,17030.0,0
4173,17549.0,30
4174,18256.0,0
4175,12605.0,0
4176,17349.0,0
4177,16808.0,0
4178,18165.0,0
4179,17925.0,0
4180,15587.0,0
4181,17157.0,27
4182,16582.0,0
4183,17805.0,0
4184,16784.0,0
4185,16569.0,0
4186,13992.0,0
4187,17856.0,0
4188,15304.0,0
4189,17820.0,0
4190,13144.0,0
4191,15843.0,0
4192,16976.0,0
4193,15445.0,0
4194,16144.0,0
4195,14148.0,0
4196,17991.0,0
4197,14199.0,0
4198,17709.0,0
4199,17408.0,0
4200,17331.0,0
4201,13260.0,0
4202,16988.0,0
4203,15171.0,0
4204,16765.0,0
4205,18024.0,0
4206,15199.0,0
4207,17723.0,0
4208,14080.0,0
4209,12870.0,0
4210,14351.0,0
4211,16995.0,0
4212,16226.0,0
4213,17268.0,0
4214,14117.0,0
4215,17347.0,0
4216,17896.0,0
4217,17956.0,0
4218,14551.0,0
4219,13220.0,10
4220,14882.0,0
4221,15909.0,0
4222,16114.0,0
4223,17572.0,0
4224,14576.0,0
4225,17394.0,0
4226,15526.0,0
4227,14840.0,0
4228,13703.0,0
4229,15219.0,0
4230,13302.0,0
4231,17707.0,0
4232,17212.0,0
4233,16696.0,0
4234,15206.0,0
4235,12879.0,0
4236,16428.0,0
4237,16742.0,0
4238,17831.0,0
4239,12881.0,0
4240,12977.0,0
4241,17517.0,0
4242,14681.0,0
4243,13948.0,0
4244,12734.0,0
4245,16462.0,0
4246,16073.0,0
4247,14806.0,0
4248,12891.0,0
4249,17513.0,0
4250,14836.0,0
4251,12798.0,0
4252,14777.0,0
4253,13651.0,0
4254,12829.0,0
4255,17060.0,0
4256,16913.0,0
4257,15512.0,0
4258,16716.0,0
4259,12823.0,0
4260,16257.0,0
4261,14785.0,0
4262,17879.0,0
4263,17844.0,0
4264,18064.0,0
4265,17436.0,0
4266,16505.0,0
4267,16597.0,0
4268,15638.0,0
4269,12353.0,0
4270,12863.0,0
4271,13682.0,0
4272,15899.0,0
4273,13160.0,0
4274,13672.0,26
4275,15945.0,0
4276,18113.0,0
4277,14090.0,0
4278,16148.0,0
4279,18080.0,0
4280,14609.0,0
4281,17468.0,0
4282,17900.0,0
4283,13391.0,0
4284,18068.0,0
4285,18273.0,0
4286,13877.0,0
4287,12503.0,0
4288,15940.0,30
4289,12505.0,0
4290,15590.0,0
4291,16454.0,0
4292,18133.0,0
4293,17448.0,0
4294,15369.0,0
4295,13154.0,0
4296,17065.0,0
4297,15802.0,0
4298,17846.0,0
4299,12908.0,0
4300,18084.0,0
4301,15423.0,0
4302,13182.0,0
4303,15381.0,0
4304,13829.0,0
4305,13058.0,0
4306,13099.0,0
4307,12666.0,0
4308,13256.0,0
4309,16138.0,0
4310,14865.0,0
4311,17995.0,0
4312,13079.0,0
4313,17024.0,0
4314,14661.0,0
4315,14603.0,0
4316,12864.0,0
4317,16881.0,0
4318,18184.0,0
4319,17578.0,0
4320,17871.0,0
4321,17291.0,0
4322,15510.0,0
4323,16061.0,0
4324,13106.0,0
4325,17923.0,0
4326,16323.0,0
4327,17079.0,0
4328,14642.0,0
4329,16659.0,0
4330,17763.0,0
4331,17715.0,0
4332,17752.0,0
4333,15739.0,0
4334,13217.0,0
4335,16093.0,0
4336,17080.0,0
4337,15389.0,0
4338,17536.0,0
4339,18268.0,0
4340,13270.0,0
4341,15562.0,0
4342,17747.0,0
4343,16429.0,0
4344,15118.0,0
4345,12875.0,0
4346,17102.0,0
4347,16579.0,0
4348,17500.0,14
4349,13452.0,0
4350,15368.0,0
4351,17382.0,0
4352,16738.0,0
4353,18233.0,0
4354,15524.0,0
4355,12346.0,11
4356,16446.0,36
4357,15657.0,0
4358,17986.0,0
4359,15668.0,0
4360,15488.0,0
4361,14434.0,0
4362,17427.0,0
4363,17330.0,0
4364,14393.0,0
4365,14946.0,0
4366,13188.0,0
4367,17948.0,0
4368,17186.0,0
4369,13307.0,0
4370,14424.0,0
4371,17206.0,0
